Date,Area,Building_name,Loop,Type,Usage
2017/06,北區,體育館 ,籃排球場,行政,779.55
2017/01,北區,體育館 ,籃排球場,行政,836.91
2016/09,北區,體育館 ,籃排球場,行政,854.57
2017/02,北區,體育館 ,籃排球場,行政,866.13
2017/07,北區,體育館 ,籃排球場,行政,871.92
2017/04,北區,體育館 ,籃排球場,行政,895.37
2017/05,北區,體育館 ,籃排球場,行政,942.49
2017/08,北區,體育館 ,籃排球場,行政,949.59
2016/11,北區,體育館 ,籃排球場,行政,968.14
2017/03,北區,體育館 ,籃排球場,行政,1037.06
2016/10,北區,體育館 ,籃排球場,行政,1074.31
2016/12,北區,體育館 ,籃排球場,行政,1094.41
2017/04,北區,體育館 ,司令台 ,行政,1181.57
2017/01,北區,體育館 ,司令台 ,行政,1505.11
2017/08,北區,體育館 ,司令台 ,行政,1757.34
2017/07,北區,體育館 ,司令台 ,行政,1760.23
2017/03,北區,體育館 ,司令台 ,行政,1775.45
2016/09,北區,體育館 ,司令台 ,行政,1945.26
2016/12,北區,體育館 ,司令台 ,行政,1948.56
2017/06,北區,體育館 ,司令台 ,行政,1985.42
2017/05,北區,體育館 ,司令台 ,行政,2025.01
2017/02,北區,體育館 ,司令台 ,行政,2146.36
2016/11,北區,體育館 ,司令台 ,行政,2937.33
2016/10,北區,體育館 ,司令台 ,行政,3232.62
2017/01,北區,體育館 ,主迴路 ,行政,25251.56
2017/02,北區,體育館 ,主迴路 ,行政,29942.56
2017/04,北區,體育館 ,主迴路 ,行政,32147.13
2017/03,北區,體育館 ,主迴路 ,行政,34303.56
2017/07,北區,體育館 ,主迴路 ,行政,35203.38
2016/12,北區,體育館 ,主迴路 ,行政,35857.38
2017/06,北區,體育館 ,主迴路 ,行政,36290.88
2016/11,北區,體育館 ,主迴路 ,行政,37408.81
2017/05,北區,體育館 ,主迴路 ,行政,37600.31
2017/08,北區,體育館 ,主迴路 ,行政,39249.63
2016/09,北區,體育館 ,主迴路 ,行政,39401.19
2016/10,北區,體育館 ,主迴路 ,行政,47915.69
2016/12,北區,環保大樓,主迴路 ,教學,0
2017/02,北區,環保大樓,主迴路 ,教學,32578.91
2017/03,北區,環保大樓,主迴路 ,教學,40636.55
2017/04,北區,環保大樓,主迴路 ,教學,42701.94
2016/09,北區,環保大樓,主迴路 ,教學,58516.8
2016/10,北區,環保大樓,主迴路 ,教學,59811.73
2017/05,北區,環保大樓,主迴路 ,教學,60511.19
2017/06,北區,環保大樓,主迴路 ,教學,70035.06
2017/07,北區,環保大樓,主迴路 ,教學,71938.91
2017/08,北區,環保大樓,主迴路 ,教學,73856.03
2017/01,北區,環保大樓,主迴路 ,教學,95160.26
2016/11,北區,環保大樓,主迴路 ,教學,353208.9
2016/09,南區,機車Ｈ棚,主迴路 ,行政,0
2016/10,南區,機車Ｈ棚,主迴路 ,行政,0
2016/11,南區,機車Ｈ棚,主迴路 ,行政,0
2016/12,南區,機車Ｈ棚,主迴路 ,行政,0
2017/01,南區,機車Ｈ棚,主迴路 ,行政,0
2017/02,南區,機車Ｈ棚,主迴路 ,行政,0
2017/03,南區,機車Ｈ棚,主迴路 ,行政,0
2017/04,南區,機車Ｈ棚,主迴路 ,行政,0
2017/05,南區,機車Ｈ棚,主迴路 ,行政,0
2017/06,南區,機車Ｈ棚,主迴路 ,行政,0
2017/07,南區,機車Ｈ棚,主迴路 ,行政,0
2017/08,南區,機車Ｈ棚,主迴路 ,行政,0
2017/02,北區,機車Ｄ棚,主迴路 ,行政,15521.56
2017/04,北區,機車Ｄ棚,主迴路 ,行政,17249.94
2017/03,北區,機車Ｄ棚,主迴路 ,行政,17322.56
2017/06,北區,機車Ｄ棚,主迴路 ,行政,17795.06
2017/01,北區,機車Ｄ棚,主迴路 ,行政,17868.5
2016/11,北區,機車Ｄ棚,主迴路 ,行政,17892.63
2016/12,北區,機車Ｄ棚,主迴路 ,行政,17935.69
2017/07,北區,機車Ｄ棚,主迴路 ,行政,18284.5
2017/05,北區,機車Ｄ棚,主迴路 ,行政,18462.56
2017/08,北區,機車Ｄ棚,主迴路 ,行政,18997.88
2016/09,北區,機車Ｄ棚,主迴路 ,行政,501408.2
2016/10,北區,機車Ｄ棚,主迴路 ,行政,530126.5
2016/10,南區,機車Ａ棚,主迴路 ,行政,5652.06
2017/02,南區,機車Ａ棚,主迴路 ,行政,5782.41
2016/12,南區,機車Ａ棚,主迴路 ,行政,6255.39
2017/01,南區,機車Ａ棚,主迴路 ,行政,6329.39
2017/08,南區,機車Ａ棚,主迴路 ,行政,6390.44
2017/04,南區,機車Ａ棚,主迴路 ,行政,6732.05
2017/03,南區,機車Ａ棚,主迴路 ,行政,6815.33
2016/11,南區,機車Ａ棚,主迴路 ,行政,229260.5
2017/05,南區,機車Ａ棚,主迴路 ,行政,270262.6
2017/06,南區,機車Ａ棚,主迴路 ,行政,271056.3
2017/07,南區,機車Ａ棚,主迴路 ,行政,277222.5
2016/09,南區,機車Ａ棚,主迴路 ,行政,175697100
2017/08,北區,學生十舍,學生交誼廳 ,宿舍,0
2017/07,北區,學生十舍,學生交誼廳 ,宿舍,45.19
2017/02,北區,學生十舍,學生交誼廳 ,宿舍,413.77
2017/03,北區,學生十舍,學生交誼廳 ,宿舍,525.94
2017/01,北區,學生十舍,學生交誼廳 ,宿舍,531.13
2016/11,北區,學生十舍,學生交誼廳 ,宿舍,549.01
2016/12,北區,學生十舍,學生交誼廳 ,宿舍,551.37
2017/04,北區,學生十舍,學生交誼廳 ,宿舍,585.73
2016/09,北區,學生十舍,學生交誼廳 ,宿舍,602.04
2016/10,北區,學生十舍,學生交誼廳 ,宿舍,634.99
2017/06,北區,學生十舍,學生交誼廳 ,宿舍,657.83
2017/05,北區,學生十舍,學生交誼廳 ,宿舍,662.77
2017/08,北區,學生十舍,主迴路 ,宿舍,17976.25
2017/02,北區,學生十舍,主迴路 ,宿舍,24553.75
2017/07,北區,學生十舍,主迴路 ,宿舍,27944.19
2017/01,北區,學生十舍,主迴路 ,宿舍,28181.41
2016/12,北區,學生十舍,主迴路 ,宿舍,36290.53
2017/03,北區,學生十舍,主迴路 ,宿舍,36502.59
2016/11,北區,學生十舍,主迴路 ,宿舍,39538.19
2017/04,北區,學生十舍,主迴路 ,宿舍,43503.69
2016/09,北區,學生十舍,主迴路 ,宿舍,49136.34
2017/06,北區,學生十舍,主迴路 ,宿舍,54789
2016/10,北區,學生十舍,主迴路 ,宿舍,55617.44
2017/05,北區,學生十舍,主迴路 ,宿舍,58176.38
2016/09,南區,學生十三舍 ,閱覽交誼廳 ,宿舍,0
2017/08,南區,學生十三舍 ,閱覽交誼廳 ,宿舍,0
2017/08,南區,學生十三舍 ,社團,宿舍,0
2017/08,南區,學生十三舍 ,1F便利超商,外租,0
2016/10,南區,學生十三舍 ,閱覽交誼廳 ,宿舍,76
2017/02,南區,學生十三舍 ,閱覽交誼廳 ,宿舍,207.84
2017/07,南區,學生十三舍 ,社團,宿舍,224.46
2017/07,南區,學生十三舍 ,閱覽交誼廳 ,宿舍,259.36
2017/03,南區,學生十三舍 ,閱覽交誼廳 ,宿舍,317.54
2016/11,南區,學生十三舍 ,閱覽交誼廳 ,宿舍,340.6
2017/02,南區,學生十三舍 ,社團,宿舍,347.62
2017/04,南區,學生十三舍 ,社團,宿舍,356.07
2017/03,南區,學生十三舍 ,社團,宿舍,397.83
2017/04,南區,學生十三舍 ,閱覽交誼廳 ,宿舍,437.28
2016/12,南區,學生十三舍 ,社團,宿舍,457.51
2017/05,南區,學生十三舍 ,社團,宿舍,460.78
2016/11,南區,學生十三舍 ,社團,宿舍,551.92
2016/12,南區,學生十三舍 ,閱覽交誼廳 ,宿舍,672.77
2017/05,南區,學生十三舍 ,閱覽交誼廳 ,宿舍,890.28
2017/01,南區,學生十三舍 ,閱覽交誼廳 ,宿舍,1486.86
2017/06,南區,學生十三舍 ,閱覽交誼廳 ,宿舍,4723.78
2017/07,南區,學生十三舍 ,1F便利超商,外租,6940.88
2017/02,南區,學生十三舍 ,1F便利超商,外租,11170.38
2017/03,南區,學生十三舍 ,1F便利超商,外租,14233.38
2017/04,南區,學生十三舍 ,1F便利超商,外租,14294.88
2016/12,南區,學生十三舍 ,1F便利超商,外租,14931.5
2017/05,南區,學生十三舍 ,1F便利超商,外租,15119.88
2016/11,南區,學生十三舍 ,1F便利超商,外租,16067.75
2016/09,南區,學生十三舍 ,社團,宿舍,26137.44
2016/10,南區,學生十三舍 ,社團,宿舍,26831.48
2017/01,南區,學生十三舍 ,社團,宿舍,28166.96
2017/06,南區,學生十三舍 ,社團,宿舍,30235.04
2017/02,南區,學生十三舍 ,主迴路 ,宿舍,72407
2017/08,南區,學生十三舍 ,主迴路 ,宿舍,73074
2017/07,南區,學生十三舍 ,主迴路 ,宿舍,75125
2017/04,南區,學生十三舍 ,主迴路 ,宿舍,81964
2016/12,南區,學生十三舍 ,主迴路 ,宿舍,83417
2017/06,南區,學生十三舍 ,主迴路 ,宿舍,86382
2016/10,南區,學生十三舍 ,主迴路 ,宿舍,88269
2017/05,南區,學生十三舍 ,主迴路 ,宿舍,89854
2016/09,南區,學生十三舍 ,1F便利超商,外租,1803123
2016/10,南區,學生十三舍 ,1F便利超商,外租,1830174
2017/01,南區,學生十三舍 ,1F便利超商,外租,1867996
2017/06,南區,學生十三舍 ,1F便利超商,外租,1931433
2016/11,南區,學生十三舍 ,主迴路 ,宿舍,9097471
2017/01,南區,學生十三舍 ,主迴路 ,宿舍,9295091
2017/03,南區,學生十三舍 ,主迴路 ,宿舍,9390490
2016/09,南區,學生十三舍 ,主迴路 ,宿舍,17739640
2017/08,南區,學生十二舍 ,主迴路 ,宿舍,20491
2017/07,南區,學生十二舍 ,主迴路 ,宿舍,27322
2017/02,南區,學生十二舍 ,主迴路 ,宿舍,32234.5
2016/12,南區,學生十二舍 ,主迴路 ,宿舍,49630.5
2016/11,南區,學生十二舍 ,主迴路 ,宿舍,55066
2017/03,南區,學生十二舍 ,主迴路 ,宿舍,55138
2017/04,南區,學生十二舍 ,主迴路 ,宿舍,61597.5
2016/10,南區,學生十二舍 ,主迴路 ,宿舍,69070
2017/06,南區,學生十二舍 ,主迴路 ,宿舍,69621
2017/05,南區,學生十二舍 ,主迴路 ,宿舍,77176.5
2016/09,南區,學生十二舍 ,主迴路 ,宿舍,5328670
2017/01,南區,學生十二舍 ,主迴路 ,宿舍,5576767
2017/02,北區,學生十一舍_研一舍 ,主迴路 ,宿舍,15851.25
2017/01,北區,學生十一舍_研一舍 ,主迴路 ,宿舍,16082
2016/12,北區,學生十一舍_研一舍 ,主迴路 ,宿舍,18125.75
2017/03,北區,學生十一舍_研一舍 ,主迴路 ,宿舍,19931.5
2017/04,北區,學生十一舍_研一舍 ,主迴路 ,宿舍,21457.25
2016/11,北區,學生十一舍_研一舍 ,主迴路 ,宿舍,22105.75
2017/05,北區,學生十一舍_研一舍 ,主迴路 ,宿舍,34217
2016/10,北區,學生十一舍_研一舍 ,主迴路 ,宿舍,41368
2016/09,北區,學生十一舍_研一舍 ,主迴路 ,宿舍,42612
2017/06,北區,學生十一舍_研一舍 ,主迴路 ,宿舍,47019.5
2017/07,北區,學生十一舍_研一舍 ,主迴路 ,宿舍,53328.75
2017/08,北區,學生十一舍_研一舍 ,主迴路 ,宿舍,54817.25
2017/02,北區,學生十一舍 ,主迴路 ,宿舍,9449.63
2017/01,北區,學生十一舍 ,主迴路 ,宿舍,9981.75
2016/12,北區,學生十一舍 ,主迴路 ,宿舍,11045.75
2017/07,北區,學生十一舍 ,主迴路 ,宿舍,11160.63
2017/08,北區,學生十一舍 ,主迴路 ,宿舍,11266.38
2016/11,北區,學生十一舍 ,主迴路 ,宿舍,11374.88
2017/04,北區,學生十一舍 ,主迴路 ,宿舍,11393.63
2016/09,北區,學生十一舍 ,主迴路 ,宿舍,11733.75
2017/03,北區,學生十一舍 ,主迴路 ,宿舍,12037.63
2017/06,北區,學生十一舍 ,主迴路 ,宿舍,12413.13
2017/05,北區,學生十一舍 ,主迴路 ,宿舍,12572.5
2016/10,北區,學生十一舍 ,主迴路 ,宿舍,12599.75
2016/09,南區,學生八舍,主迴路 ,宿舍,0
2016/10,南區,學生八舍,主迴路 ,宿舍,0
2016/11,南區,學生八舍,主迴路 ,宿舍,0
2016/12,南區,學生八舍,主迴路 ,宿舍,0
2017/01,南區,學生八舍,主迴路 ,宿舍,0
2017/02,南區,學生八舍,主迴路 ,宿舍,0
2017/03,南區,學生八舍,主迴路 ,宿舍,0
2017/04,南區,學生八舍,主迴路 ,宿舍,0
2017/05,南區,學生八舍,主迴路 ,宿舍,0
2017/06,南區,學生八舍,主迴路 ,宿舍,0
2017/07,南區,學生八舍,主迴路 ,宿舍,0
2017/08,南區,學生八舍,主迴路 ,宿舍,0
2017/02,北區,學生九舍,主迴路 ,宿舍,24372.56
2017/01,北區,學生九舍,主迴路 ,宿舍,27847.31
2017/03,北區,學生九舍,主迴路 ,宿舍,33479.38
2016/12,北區,學生九舍,主迴路 ,宿舍,34607.25
2016/11,北區,學生九舍,主迴路 ,宿舍,41770.88
2017/04,北區,學生九舍,主迴路 ,宿舍,43276.5
2016/09,北區,學生九舍,主迴路 ,宿舍,55837.63
2017/05,北區,學生九舍,主迴路 ,宿舍,59728.31
2016/10,北區,學生九舍,主迴路 ,宿舍,61320.13
2017/07,北區,學生九舍,主迴路 ,宿舍,63354.81
2017/08,北區,學生九舍,主迴路 ,宿舍,63472.13
2017/06,北區,學生九舍,主迴路 ,宿舍,67304.63
2017/02,南區,學生七舍_八舍 ,主迴路 ,宿舍,48825
2017/03,南區,學生七舍_八舍 ,主迴路 ,宿舍,66803
2016/12,南區,學生七舍_八舍 ,主迴路 ,宿舍,68478
2016/11,南區,學生七舍_八舍 ,主迴路 ,宿舍,78078.5
2017/04,南區,學生七舍_八舍 ,主迴路 ,宿舍,78414
2016/09,南區,學生七舍_八舍 ,主迴路 ,宿舍,99227
2017/05,南區,學生七舍_八舍 ,主迴路 ,宿舍,100834
2017/08,南區,學生七舍_八舍 ,主迴路 ,宿舍,111447
2016/10,南區,學生七舍_八舍 ,主迴路 ,宿舍,113712
2017/07,南區,學生七舍_八舍 ,主迴路 ,宿舍,113755
2017/01,南區,學生七舍_八舍 ,主迴路 ,宿舍,8561031
2017/06,南區,學生七舍_八舍 ,主迴路 ,宿舍,8942675
2017/06,北區,綜合球館,主迴路 ,行政,0
2017/07,北區,綜合球館,主迴路 ,行政,0
2017/08,北區,綜合球館,主迴路 ,行政,0
2017/05,北區,綜合球館,主迴路 ,行政,3296.44
2017/01,北區,綜合球館,主迴路 ,行政,5928.44
2017/02,北區,綜合球館,主迴路 ,行政,6900
2016/12,北區,綜合球館,主迴路 ,行政,7151.94
2016/11,北區,綜合球館,主迴路 ,行政,7168.88
2017/04,北區,綜合球館,主迴路 ,行政,7230.31
2017/03,北區,綜合球館,主迴路 ,行政,7286.13
2016/10,北區,綜合球館,主迴路 ,行政,9870.25
2016/09,北區,綜合球館,主迴路 ,行政,877749.7
2017/02,南區,綜合一館,空大MP動力,外租,0
2017/02,南區,綜合一館,空大ML燈力,外租,0
2017/02,南區,綜合一館,棒球場照明 ,行政,0
2017/01,南區,綜合一館,棒球場照明 ,行政,22.41
2017/06,南區,綜合一館,棒球場照明 ,行政,33.77
2017/07,南區,綜合一館,棒球場照明 ,行政,34.94
2017/08,南區,綜合一館,棒球場照明 ,行政,88.37
2016/09,南區,綜合一館,棒球場照明 ,行政,276.86
2017/02,南區,綜合一館,管科MP動力,教學,368.75
2017/03,南區,綜合一館,管科MP動力,教學,564.13
2017/04,南區,綜合一館,棒球場照明 ,行政,623.77
2017/07,南區,綜合一館,管科插座,教學,642.24
2017/08,南區,綜合一館,管科插座,教學,694
2016/12,南區,綜合一館,管科MP動力,教學,695.13
2017/02,南區,綜合一館,管科插座,教學,712.5
2016/11,南區,綜合一館,棒球場照明 ,行政,740.15
2017/06,南區,綜合一館,管科插座,教學,774.73
2016/09,南區,綜合一館,管科插座,教學,794.59
2016/11,南區,綜合一館,管科插座,教學,823.83
2016/12,南區,綜合一館,管科插座,教學,839.26
2017/04,南區,綜合一館,管科插座,教學,890.95
2017/08,南區,綜合一館,管科ML燈力,教學,947.27
2016/09,南區,綜合一館,管科ML燈力,教學,1018.64
2016/12,南區,綜合一館,管科ML燈力,教學,1040.53
2017/02,南區,綜合一館,管科ML燈力,教學,1082.65
2017/03,南區,綜合一館,管科插座,教學,1086.73
2016/12,南區,綜合一館,棒球場照明 ,行政,1133.91
2017/07,南區,綜合一館,管科ML燈力,教學,1159.81
2016/11,南區,綜合一館,管科ML燈力,教學,1214.09
2017/04,南區,綜合一館,管科ML燈力,教學,1262.28
2017/04,南區,綜合一館,管科MP動力,教學,1278.19
2017/06,南區,綜合一館,管科ML燈力,教學,1289.32
2016/11,南區,綜合一館,管科MP動力,教學,1299.03
2017/03,南區,綜合一館,管科ML燈力,教學,1437.92
2017/01,南區,綜合一館,空大MP動力,外租,2080.7
2017/05,南區,綜合一館,棒球場照明 ,行政,2426.68
2016/09,南區,綜合一館,管科MP動力,教學,2611.53
2017/08,南區,綜合一館,管科MP動力,教學,3153.98
2017/07,南區,綜合一館,管科MP動力,教學,3176.3
2017/02,南區,綜合一館,餐亭,外租,3193.47
2017/06,南區,綜合一館,管科MP動力,教學,3266.73
2016/12,南區,綜合一館,空大MP動力,外租,3793.79
2017/04,南區,綜合一館,空大MP動力,外租,3914.17
2017/08,南區,綜合一館,空大ML燈力,外租,4048.99
2017/08,南區,綜合一館,餐亭,外租,4195.84
2017/07,南區,綜合一館,餐亭,外租,4292.22
2017/07,南區,綜合一館,空大ML燈力,外租,4496.52
2017/04,南區,綜合一館,餐亭,外租,4570.44
2017/04,南區,綜合一館,空大ML燈力,外租,4755.18
2017/06,南區,綜合一館,空大ML燈力,外租,4811.61
2017/03,南區,綜合一館,餐亭,外租,4838.06
2016/12,南區,綜合一館,餐亭,外租,4897.09
2016/09,南區,綜合一館,餐亭,外租,5079.56
2017/06,南區,綜合一館,餐亭,外租,5160.56
2016/11,南區,綜合一館,空大MP動力,外租,5290.13
2016/11,南區,綜合一館,餐亭,外租,5625.38
2017/08,南區,綜合一館,空大MP動力,外租,7257.92
2017/06,南區,綜合一館,空大MP動力,外租,7690.49
2016/09,南區,綜合一館,空大MP動力,外租,7738.08
2017/07,南區,綜合一館,空大MP動力,外租,9462.45
2017/05,南區,綜合一館,空大ML燈力,外租,15068.12
2017/05,南區,綜合一館,空大MP動力,外租,16361.82
2017/02,南區,綜合一館,主迴路 ,教學,37963
2017/04,南區,綜合一館,主迴路 ,教學,49957
2016/12,南區,綜合一館,主迴路 ,教學,51528
2017/08,南區,綜合一館,主迴路 ,教學,56837
2016/10,南區,綜合一館,空大MP動力,外租,57552.72
2016/09,南區,綜合一館,主迴路 ,教學,58554
2017/07,南區,綜合一館,主迴路 ,教學,59403
2016/10,南區,綜合一館,棒球場照明 ,行政,59751.15
2017/05,南區,綜合一館,主迴路 ,教學,60444
2017/06,南區,綜合一館,主迴路 ,教學,61061
2016/10,南區,綜合一館,管科插座,教學,64002.32
2017/03,南區,綜合一館,空大MP動力,外租,67142.72
2016/10,南區,綜合一館,主迴路 ,教學,68374
2017/05,南區,綜合一館,管科插座,教學,70508.95
2017/03,南區,綜合一館,棒球場照明 ,行政,72899.93
2016/10,南區,綜合一館,管科ML燈力,教學,90496.92
2017/05,南區,綜合一館,管科ML燈力,教學,99831.2
2016/10,南區,綜合一館,管科MP動力,教學,140304.7
2017/01,南區,綜合一館,管科MP動力,教學,142308.6
2017/05,南區,綜合一館,管科MP動力,教學,149413.2
2016/10,南區,綜合一館,餐亭,外租,322380.8
2017/01,南區,綜合一館,餐亭,外租,337649.9
2017/05,南區,綜合一館,餐亭,外租,358156.1
2017/03,南區,綜合一館,空大ML燈力,外租,400584.1
2016/11,南區,綜合一館,主迴路 ,教學,7742991
2017/01,南區,綜合一館,主迴路 ,教學,7853744
2017/03,南區,綜合一館,主迴路 ,教學,7906112
2017/01,南區,綜合一館,管科插座,教學,13347580
2017/01,南區,綜合一館,管科ML燈力,教學,20935790
2016/09,南區,綜合一館,空大ML燈力,外租,114470900
2016/10,南區,綜合一館,空大ML燈力,外租,245510500
2016/11,南區,綜合一館,空大ML燈力,外租,554539400
2017/02,南區,管理二館,主迴路 ,教學,30163
2017/03,南區,管理二館,主迴路 ,教學,42109.5
2016/12,南區,管理二館,主迴路 ,教學,43909.5
2017/04,南區,管理二館,主迴路 ,教學,46436.5
2016/11,南區,管理二館,主迴路 ,教學,50769.5
2017/05,南區,管理二館,主迴路 ,教學,59363.5
2016/10,南區,管理二館,主迴路 ,教學,66001
2017/08,南區,管理二館,主迴路 ,教學,70191
2017/07,南區,管理二館,主迴路 ,教學,70842.5
2017/06,南區,管理二館,主迴路 ,教學,70949
2016/09,南區,管理二館,主迴路 ,教學,5775086
2017/01,南區,管理二館,主迴路 ,教學,6002545
2017/02,北區,管理一館,主迴路 ,教學,16063.75
2017/01,北區,管理一館,主迴路 ,教學,18712.63
2017/03,北區,管理一館,主迴路 ,教學,21471.19
2017/04,北區,管理一館,主迴路 ,教學,23474.44
2016/12,北區,管理一館,主迴路 ,教學,23924.25
2017/08,北區,管理一館,主迴路 ,教學,25850.06
2016/11,北區,管理一館,主迴路 ,教學,27131.5
2017/07,北區,管理一館,主迴路 ,教學,27669.63
2017/05,北區,管理一館,主迴路 ,教學,30093.88
2017/06,北區,管理一館,主迴路 ,教學,31214.06
2016/09,北區,管理一館,主迴路 ,教學,524313.4
2016/10,北區,管理一館,主迴路 ,教學,577197.8
2017/03,南區,圖資中心,咖啡廳 ,外租,1757.2
2017/04,南區,圖資中心,咖啡廳 ,外租,1760.56
2016/12,南區,圖資中心,咖啡廳 ,外租,1867.29
2016/09,南區,圖資中心,咖啡廳 ,外租,1868.05
2016/11,南區,圖資中心,咖啡廳 ,外租,1910.5
2017/06,南區,圖資中心,咖啡廳 ,外租,2102.09
2017/08,南區,圖資中心,咖啡廳 ,外租,2191.8
2017/07,南區,圖資中心,咖啡廳 ,外租,2206.34
2016/10,南區,圖資中心,咖啡廳 ,外租,96904.03
2017/01,南區,圖資中心,咖啡廳 ,外租,103190.2
2017/02,南區,圖資中心,咖啡廳 ,外租,103264.4
2017/05,南區,圖資中心,咖啡廳 ,外租,110517.6
2017/02,南區,圖資中心,主迴路 ,行政,151284
2017/03,南區,圖資中心,主迴路 ,行政,196592
2016/12,南區,圖資中心,主迴路 ,行政,211010
2017/04,南區,圖資中心,主迴路 ,行政,224616
2016/11,南區,圖資中心,主迴路 ,行政,241164
2016/09,南區,圖資中心,主迴路 ,行政,241198
2017/05,南區,圖資中心,主迴路 ,行政,256752
2016/10,南區,圖資中心,主迴路 ,行政,268246
2017/07,南區,圖資中心,主迴路 ,行政,271546
2017/08,南區,圖資中心,主迴路 ,行政,278340
2017/06,南區,圖資中心,主迴路 ,行政,287716
2017/01,南區,圖資中心,主迴路 ,行政,23432220
2017/02,北區,電資大樓,網球場燈力 ,行政,536.35
2016/12,北區,電資大樓,網球場燈力 ,行政,593.61
2017/03,北區,電資大樓,網球場燈力 ,行政,631.57
2017/01,北區,電資大樓,網球場燈力 ,行政,660.63
2017/04,北區,電資大樓,網球場燈力 ,行政,730.48
2016/11,北區,電資大樓,網球場燈力 ,行政,825.35
2016/09,北區,電資大樓,網球場燈力 ,行政,833.7
2017/05,北區,電資大樓,網球場燈力 ,行政,885.17
2017/06,北區,電資大樓,網球場燈力 ,行政,1052.48
2016/09,北區,電資大樓,網球場動力 ,行政,1101.81
2017/07,北區,電資大樓,網球場燈力 ,行政,1118.54
2017/08,北區,電資大樓,網球場燈力 ,行政,1173.31
2016/10,北區,電資大樓,網球場燈力 ,行政,1293.95
2017/01,北區,電資大樓,網球場動力 ,行政,2417.41
2017/07,北區,電資大樓,網球場動力 ,行政,2458.06
2017/06,北區,電資大樓,網球場動力 ,行政,2581.38
2017/02,北區,電資大樓,網球場動力 ,行政,2674.25
2017/08,北區,電資大樓,網球場動力 ,行政,2693.69
2016/10,北區,電資大樓,網球場動力 ,行政,2934.13
2017/04,北區,電資大樓,網球場動力 ,行政,2996.53
2016/11,北區,電資大樓,網球場動力 ,行政,3124.56
2017/05,北區,電資大樓,網球場動力 ,行政,3143
2017/03,北區,電資大樓,網球場動力 ,行政,3145.53
2016/12,北區,電資大樓,網球場動力 ,行政,3193.44
2017/02,北區,電資大樓,空調,行政,5864
2017/01,北區,電資大樓,空調,行政,9488.5
2017/03,北區,電資大樓,空調,行政,12660
2016/12,北區,電資大樓,空調,行政,27410.5
2017/04,北區,電資大樓,空調,行政,40061.5
2016/11,北區,電資大樓,空調,行政,56427.5
2017/05,北區,電資大樓,空調,行政,68479.5
2016/10,北區,電資大樓,空調,行政,81149
2016/09,北區,電資大樓,空調,行政,82459
2017/07,北區,電資大樓,空調,行政,93722
2017/06,北區,電資大樓,空調,行政,97228.5
2017/08,北區,電資大樓,空調,行政,102248
2017/02,北區,電資大樓,主迴路 ,教學,128627.5
2017/01,北區,電資大樓,主迴路 ,教學,147811.5
2017/03,北區,電資大樓,主迴路 ,教學,162137
2016/12,北區,電資大樓,主迴路 ,教學,176069
2017/04,北區,電資大樓,主迴路 ,教學,200656
2016/11,北區,電資大樓,主迴路 ,教學,210116
2017/05,北區,電資大樓,主迴路 ,教學,256653
2017/07,北區,電資大樓,主迴路 ,教學,282881
2017/06,北區,電資大樓,主迴路 ,教學,290348
2017/08,北區,電資大樓,主迴路 ,教學,305416
2016/09,北區,電資大樓,主迴路 ,教學,5042575
2016/10,北區,電資大樓,主迴路 ,教學,5425098
2017/02,南區,資訊館(南區) ,主迴路 ,行政,132981.5
2017/05,南區,資訊館(南區) ,主迴路 ,行政,140924.5
2017/03,南區,資訊館(南區) ,主迴路 ,行政,151334.5
2016/12,南區,資訊館(南區) ,主迴路 ,行政,156010.5
2017/04,南區,資訊館(南區) ,主迴路 ,行政,156185.5
2017/06,南區,資訊館(南區) ,主迴路 ,行政,157065.5
2016/11,南區,資訊館(南區) ,主迴路 ,行政,165044
2016/09,南區,資訊館(南區) ,主迴路 ,行政,180106
2017/07,南區,資訊館(南區) ,主迴路 ,行政,182857.5
2016/10,南區,資訊館(南區) ,主迴路 ,行政,186686.5
2017/08,南區,資訊館(南區) ,主迴路 ,行政,187850
2017/01,南區,資訊館(南區) ,主迴路 ,行政,5156064
2016/09,北區,資訊館(北區) ,主迴路 ,行政,0
2016/11,北區,資訊館(北區) ,主迴路 ,行政,0
2016/12,北區,資訊館(北區) ,主迴路 ,行政,0
2017/02,北區,資訊館(北區) ,主迴路 ,行政,0
2017/03,北區,資訊館(北區) ,主迴路 ,行政,0
2017/04,北區,資訊館(北區) ,主迴路 ,行政,0
2017/07,北區,資訊館(北區) ,主迴路 ,行政,0
2017/08,北區,資訊館(北區) ,主迴路 ,行政,0
2017/01,北區,資訊館(北區) ,主迴路 ,行政,100.56
2016/10,北區,資訊館(北區) ,主迴路 ,行政,158.02
2017/02,北區,資訊館(北區) ,館旁餐亭,外租,4063.75
2017/01,北區,資訊館(北區) ,館旁餐亭,外租,4220.34
2017/03,北區,資訊館(北區) ,館旁餐亭,外租,4911.31
2016/12,北區,資訊館(北區) ,館旁餐亭,外租,5094.78
2017/04,北區,資訊館(北區) ,館旁餐亭,外租,5207.13
2016/11,北區,資訊館(北區) ,館旁餐亭,外租,5534.06
2017/06,北區,資訊館(北區) ,館旁餐亭,外租,5988.09
2017/05,北區,資訊館(北區) ,館旁餐亭,外租,6001.63
2016/09,北區,資訊館(北區) ,館旁餐亭,外租,6272.13
2017/08,北區,資訊館(北區) ,館旁餐亭,外租,6379.75
2017/07,北區,資訊館(北區) ,館旁餐亭,外租,6480.34
2016/10,北區,資訊館(北區) ,館旁餐亭,外租,6642.66
2017/06,北區,資訊館(北區) ,主迴路 ,行政,13567.05
2017/05,北區,資訊館(北區) ,主迴路 ,行政,29826.7
2016/09,北區,游泳館 ,主迴路 ,行政,68637.19
2017/01,北區,游泳館 ,主迴路 ,行政,68838.38
2017/07,北區,游泳館 ,主迴路 ,行政,69129.88
2017/06,北區,游泳館 ,主迴路 ,行政,70075.13
2017/05,北區,游泳館 ,主迴路 ,行政,71092.13
2017/08,北區,游泳館 ,主迴路 ,行政,73815
2017/04,北區,游泳館 ,主迴路 ,行政,74777.75
2016/11,北區,游泳館 ,主迴路 ,行政,74962.31
2017/02,北區,游泳館 ,主迴路 ,行政,75096.75
2016/12,北區,游泳館 ,主迴路 ,行政,75108.44
2016/10,北區,游泳館 ,主迴路 ,行政,76594.38
2017/03,北區,游泳館 ,主迴路 ,行政,86021.75
2016/09,北區,第二餐廳,2F水果部P動力,外租,0
2016/10,北區,第二餐廳,2F水果部P動力,外租,0
2016/11,北區,第二餐廳,2F水果部P動力,外租,0
2016/12,北區,第二餐廳,2F水果部P動力,外租,0
2017/01,北區,第二餐廳,2F水果部P動力,外租,0
2017/02,北區,第二餐廳,2F水果部P動力,外租,0
2017/03,北區,第二餐廳,2F水果部P動力,外租,0
2017/04,北區,第二餐廳,2F水果部P動力,外租,0
2017/05,北區,第二餐廳,2F水果部P動力,外租,0
2017/06,北區,第二餐廳,2F水果部P動力,外租,0
2017/08,北區,第二餐廳,2F水果部P動力,外租,0
2017/08,北區,第二餐廳,3F員工餐廳L燈力,外租,717
2017/01,北區,第二餐廳,3F教職員餐廳L燈力,外租,836.08
2017/02,北區,第二餐廳,3F教職員餐廳L燈力,外租,874.22
2017/04,北區,第二餐廳,3F教職員餐廳L燈力,外租,991.34
2017/04,北區,第二餐廳,3F員工餐廳L燈力,外租,1033.03
2017/02,北區,第二餐廳,2F水果部L燈力,外租,1037.52
2017/06,北區,第二餐廳,3F教職員餐廳L燈力,外租,1084.89
2017/05,北區,第二餐廳,3F教職員餐廳L燈力,外租,1100.21
2017/01,北區,第二餐廳,2F水果部L燈力,外租,1100.78
2016/10,北區,第二餐廳,3F教職員餐廳L燈力,外租,1106.89
2017/02,北區,第二餐廳,2F快餐部L燈力,外租,1109.46
2016/09,北區,第二餐廳,3F員工餐廳L燈力,外租,1147.37
2016/09,北區,第二餐廳,3F教職員餐廳L燈力,外租,1154.48
2016/11,北區,第二餐廳,3F教職員餐廳L燈力,外租,1158.8
2016/12,北區,第二餐廳,3F教職員餐廳L燈力,外租,1162.88
2016/11,北區,第二餐廳,3F員工餐廳L燈力,外租,1173.72
2017/08,北區,第二餐廳,3F教職員餐廳L燈力,外租,1191.98
2016/12,北區,第二餐廳,3F員工餐廳L燈力,外租,1192.06
2017/01,北區,第二餐廳,2F快餐部L燈力,外租,1196.87
2017/07,北區,第二餐廳,3F教職員餐廳L燈力,外租,1240.32
2016/10,北區,第二餐廳,3F員工餐廳L燈力,外租,1272.15
2017/05,北區,第二餐廳,3F員工餐廳L燈力,外租,1293.49
2017/03,北區,第二餐廳,2F快餐部L燈力,外租,1342.52
2017/02,北區,第二餐廳,3F員工餐廳P動力,外租,1373.89
2017/06,北區,第二餐廳,3F員工餐廳L燈力,外租,1394.79
2017/01,北區,第二餐廳,3F員工餐廳P動力,外租,1449.86
2017/07,北區,第二餐廳,3F員工餐廳L燈力,外租,1472.36
2017/04,北區,第二餐廳,2F快餐部L燈力,外租,1474.58
2017/03,北區,第二餐廳,2F水果部L燈力,外租,1576.47
2016/12,北區,第二餐廳,2F快餐部L燈力,外租,1578.74
2016/11,北區,第二餐廳,2F快餐部L燈力,外租,1644.09
2017/03,北區,第二餐廳,3F員工餐廳P動力,外租,1707.59
2017/06,北區,第二餐廳,2F快餐部L燈力,外租,1746.08
2016/09,北區,第二餐廳,2F水果部L燈力,外租,1756.49
2016/09,北區,第二餐廳,2F快餐部L燈力,外租,1764.9
2017/05,北區,第二餐廳,2F快餐部L燈力,外租,1821.27
2017/07,北區,第二餐廳,2F水果部L燈力,外租,1828.14
2017/07,北區,第二餐廳,2F快餐部L燈力,外租,1836.2
2016/10,北區,第二餐廳,2F快餐部L燈力,外租,1853.99
2016/12,北區,第二餐廳,2F水果部L燈力,外租,1866.66
2017/04,北區,第二餐廳,2F水果部L燈力,外租,1880.06
2017/07,北區,第二餐廳,2F素食部L燈力,外租,1890.59
2016/11,北區,第二餐廳,2F水果部L燈力,外租,1909.35
2016/12,北區,第二餐廳,3F員工餐廳P動力,外租,1919.48
2016/10,北區,第二餐廳,2F水果部L燈力,外租,2016.27
2017/08,北區,第二餐廳,2F快餐部L燈力,外租,2047.21
2017/01,北區,第二餐廳,2F素食部L燈力,外租,2048.89
2017/08,北區,第二餐廳,2F水果部L燈力,外租,2050.94
2017/07,北區,第二餐廳,2F水果部P動力,外租,2058.2
2017/05,北區,第二餐廳,2F水果部L燈力,外租,2075.73
2017/02,北區,第二餐廳,3F教職員餐廳P動力,外租,2120
2017/01,北區,第二餐廳,3F教職員餐廳P動力,外租,2200.84
2016/11,北區,第二餐廳,3F員工餐廳P動力,外租,2288.96
2017/02,北區,第二餐廳,2F素食部L燈力,外租,2312.03
2017/04,北區,第二餐廳,3F員工餐廳P動力,外租,2501.92
2017/03,北區,第二餐廳,3F教職員餐廳P動力,外租,2582.25
2017/02,北區,第二餐廳,2F快餐部P動力,外租,2663
2016/12,北區,第二餐廳,3F教職員餐廳P動力,外租,2746.41
2016/09,北區,第二餐廳,2F素食部L燈力,外租,2796.3
2017/04,北區,第二餐廳,3F教職員餐廳P動力,外租,2805.19
2017/02,北區,第二餐廳,2F素食部P動力,外租,2829.69
2017/02,北區,第二餐廳,1F燈力,外租,2861.48
2016/11,北區,第二餐廳,3F教職員餐廳P動力,外租,2864.89
2017/01,北區,第二餐廳,2F快餐部P動力,外租,2986.78
2017/01,北區,第二餐廳,2F素食部P動力,外租,3025.22
2016/10,北區,第二餐廳,2F素食部L燈力,外租,3045.91
2017/01,北區,第二餐廳,1F燈力,外租,3047.72
2016/11,北區,第二餐廳,2F素食部L燈力,外租,3219.22
2016/12,北區,第二餐廳,2F素食部L燈力,外租,3348.83
2017/04,北區,第二餐廳,2F素食部L燈力,外租,3353.17
2017/03,北區,第二餐廳,2F素食部P動力,外租,3508.75
2017/04,北區,第二餐廳,1F燈力,外租,3571.22
2017/03,北區,第二餐廳,1F燈力,外租,3652.78
2017/08,北區,第二餐廳,2F素食部L燈力,外租,3683.38
2017/08,北區,第二餐廳,3F員工餐廳P動力,外租,3697.29
2016/12,北區,第二餐廳,2F素食部P動力,外租,3698.31
2016/12,北區,第二餐廳,1F燈力,外租,3770.44
2017/03,北區,第二餐廳,2F素食部L燈力,外租,3776.27
2017/06,北區,第二餐廳,2F素食部L燈力,外租,3786.73
2017/05,北區,第二餐廳,2F素食部L燈力,外租,3812.14
2016/09,北區,第二餐廳,1F燈力,外租,3818.3
2016/11,北區,第二餐廳,1F燈力,外租,3930.83
2016/10,北區,第二餐廳,1F燈力,外租,4082.69
2017/07,北區,第二餐廳,1F燈力,外租,4111.23
2017/05,北區,第二餐廳,1F燈力,外租,4217.73
2017/06,北區,第二餐廳,1F燈力,外租,4254.83
2017/08,北區,第二餐廳,1F燈力,外租,4342.47
2017/03,北區,第二餐廳,2F快餐部P動力,外租,4586.5
2016/12,北區,第二餐廳,2F快餐部P動力,外租,4628.5
2017/05,北區,第二餐廳,3F員工餐廳P動力,外租,4818.91
2016/10,北區,第二餐廳,3F員工餐廳P動力,外租,4955.83
2017/05,北區,第二餐廳,3F教職員餐廳P動力,外租,5147.72
2017/07,北區,第二餐廳,2F快餐部P動力,外租,5148.16
2016/09,北區,第二餐廳,3F員工餐廳P動力,外租,5269.51
2017/04,北區,第二餐廳,2F素食部P動力,外租,5284.03
2017/06,北區,第二餐廳,3F員工餐廳P動力,外租,6096.52
2016/11,北區,第二餐廳,2F素食部P動力,外租,6156.88
2016/10,北區,第二餐廳,3F教職員餐廳P動力,外租,6271.77
2016/11,北區,第二餐廳,2F快餐部P動力,外租,6661.22
2017/07,北區,第二餐廳,3F員工餐廳P動力,外租,6684.31
2017/04,北區,第二餐廳,2F快餐部P動力,外租,6746.03
2017/06,北區,第二餐廳,3F教職員餐廳P動力,外租,7105.84
2016/09,北區,第二餐廳,2F素食部P動力,外租,8116.94
2017/02,北區,第二餐廳,1F動力2,外租,8154.44
2017/01,北區,第二餐廳,1F動力2,外租,8195.75
2016/10,北區,第二餐廳,2F素食部P動力,外租,8267.97
2016/09,北區,第二餐廳,3F教職員餐廳P動力,外租,8422.34
2017/05,北區,第二餐廳,2F素食部P動力,外租,8422.63
2017/07,北區,第二餐廳,2F素食部P動力,外租,8695.63
2017/07,北區,第二餐廳,3F教職員餐廳P動力,外租,8898.09
2017/08,北區,第二餐廳,2F素食部P動力,外租,9192.66
2017/08,北區,第二餐廳,3F教職員餐廳P動力,外租,9332.89
2016/09,北區,第二餐廳,2F快餐部P動力,外租,9584.97
2016/10,北區,第二餐廳,2F快餐部P動力,外租,9694.59
2017/05,北區,第二餐廳,2F快餐部P動力,外租,9738.06
2017/04,北區,第二餐廳,1F動力2,外租,10045.63
2017/06,北區,第二餐廳,2F快餐部P動力,外租,10708.84
2016/12,北區,第二餐廳,1F動力2,外租,10854.75
2017/03,北區,第二餐廳,1F動力2,外租,11142.56
2017/05,北區,第二餐廳,1F動力2,外租,11505.06
2017/08,北區,第二餐廳,1F動力2,外租,11899.69
2016/10,北區,第二餐廳,1F動力2,外租,12580.88
2017/08,北區,第二餐廳,2F快餐部P動力,外租,12761.59
2017/02,北區,第二餐廳,1F便利超商動力,外租,16051.63
2017/01,北區,第二餐廳,1F便利超商動力,外租,16645.13
2017/04,北區,第二餐廳,1F便利超商動力,外租,18583.63
2017/03,北區,第二餐廳,1F便利超商動力,外租,18603.38
2016/12,北區,第二餐廳,1F便利超商動力,外租,19479.38
2016/11,北區,第二餐廳,1F便利超商動力,外租,20176.25
2017/02,北區,第二餐廳,1F動力1,外租,20604.75
2017/06,北區,第二餐廳,1F便利超商動力,外租,21033
2017/01,北區,第二餐廳,1F動力1,外租,21469.75
2017/08,北區,第二餐廳,1F便利超商動力,外租,21580.5
2016/10,北區,第二餐廳,1F便利超商動力,外租,21650.13
2017/04,北區,第二餐廳,1F動力1,外租,24057.25
2017/03,北區,第二餐廳,1F動力1,外租,24185.88
2016/12,北區,第二餐廳,1F動力1,外租,25558
2017/05,北區,第二餐廳,1F動力1,外租,27259.13
2017/02,北區,第二餐廳,3F員工餐廳L燈力,外租,27418.35
2017/06,北區,第二餐廳,1F動力1,外租,30670.38
2017/07,北區,第二餐廳,1F動力1,外租,37082.75
2016/10,北區,第二餐廳,1F動力1,外租,38385.88
2017/08,北區,第二餐廳,1F動力1,外租,39828.75
2017/02,北區,第二餐廳,主迴路 ,外租,51851.75
2017/01,北區,第二餐廳,主迴路 ,外租,54607
2017/03,北區,第二餐廳,3F教職員餐廳L燈力,外租,54728.1
2017/03,北區,第二餐廳,主迴路 ,外租,68094.25
2016/12,北區,第二餐廳,主迴路 ,外租,69125
2017/04,北區,第二餐廳,主迴路 ,外租,72319.25
2016/11,北區,第二餐廳,主迴路 ,外租,79736.5
2017/06,北區,第二餐廳,2F水果部L燈力,外租,83196.31
2017/05,北區,第二餐廳,主迴路 ,外租,92877.75
2017/07,北區,第二餐廳,主迴路 ,外租,99403.5
2017/06,北區,第二餐廳,主迴路 ,外租,102916.3
2016/09,北區,第二餐廳,主迴路 ,外租,104536.5
2016/10,北區,第二餐廳,主迴路 ,外租,104570.6
2017/08,北區,第二餐廳,主迴路 ,外租,113984
2017/06,北區,第二餐廳,2F素食部P動力,外租,323569
2016/11,北區,第二餐廳,1F動力2,外租,639189.4
2017/06,北區,第二餐廳,1F動力2,外租,703146.8
2017/07,北區,第二餐廳,1F動力2,外租,711539.8
2017/05,北區,第二餐廳,1F便利超商動力,外租,1526888
2017/07,北區,第二餐廳,1F便利超商動力,外租,1552105
2016/09,北區,第二餐廳,1F動力2,外租,4197488
2016/09,北區,第二餐廳,1F動力1,外租,4440173
2016/11,北區,第二餐廳,1F動力1,外租,6193168
2016/09,北區,第二餐廳,1F便利超商動力,外租,8070742
2016/11,北區,第一招待所 ,主迴路 ,宿舍,479.91
2017/02,北區,第一招待所 ,主迴路 ,宿舍,551.34
2017/04,北區,第一招待所 ,主迴路 ,宿舍,552.62
2016/12,北區,第一招待所 ,主迴路 ,宿舍,555.7
2017/01,北區,第一招待所 ,主迴路 ,宿舍,600.93
2017/03,北區,第一招待所 ,主迴路 ,宿舍,644.36
2017/05,北區,第一招待所 ,主迴路 ,宿舍,644.42
2016/10,北區,第一招待所 ,主迴路 ,宿舍,712.7
2016/09,北區,第一招待所 ,主迴路 ,宿舍,828.14
2017/06,北區,第一招待所 ,主迴路 ,宿舍,829.91
2017/07,北區,第一招待所 ,主迴路 ,宿舍,888.55
2017/08,北區,第一招待所 ,主迴路 ,宿舍,931
2017/02,北區,基礎大樓,主迴路 ,教學,193847.5
2017/01,北區,基礎大樓,主迴路 ,教學,224744.5
2017/03,北區,基礎大樓,主迴路 ,教學,253917.5
2016/12,北區,基礎大樓,主迴路 ,教學,268741
2017/04,北區,基礎大樓,主迴路 ,教學,295760
2017/07,北區,基礎大樓,主迴路 ,教學,306851
2016/09,北區,基礎大樓,主迴路 ,教學,308647
2016/11,北區,基礎大樓,主迴路 ,教學,319436.5
2017/08,北區,基礎大樓,主迴路 ,教學,322267
2017/06,北區,基礎大樓,主迴路 ,教學,331706
2016/10,北區,基礎大樓,主迴路 ,教學,339247
2017/05,北區,基礎大樓,主迴路 ,教學,343788
2017/02,北區,科學二館,主迴路 ,教學,112657
2017/01,北區,科學二館,主迴路 ,教學,121240
2016/12,北區,科學二館,主迴路 ,教學,133043
2017/03,北區,科學二館,主迴路 ,教學,138637
2016/11,北區,科學二館,主迴路 ,教學,140397
2017/04,北區,科學二館,主迴路 ,教學,147668
2016/09,北區,科學二館,主迴路 ,教學,155622
2016/10,北區,科學二館,主迴路 ,教學,167179
2017/07,北區,科學二館,主迴路 ,教學,174234
2017/06,北區,科學二館,主迴路 ,教學,175408
2017/05,北區,科學二館,主迴路 ,教學,179884
2017/08,北區,科學二館,主迴路 ,教學,183416
2017/02,北區,科學一館,主迴路 ,教學,31529.94
2017/01,北區,科學一館,主迴路 ,教學,33757.56
2017/03,北區,科學一館,主迴路 ,教學,40157.38
2016/12,北區,科學一館,主迴路 ,教學,40563.19
2017/04,北區,科學一館,主迴路 ,教學,42889.44
2016/11,北區,科學一館,主迴路 ,教學,44560.88
2016/09,北區,科學一館,主迴路 ,教學,56180.06
2017/05,北區,科學一館,主迴路 ,教學,57777.88
2016/10,北區,科學一館,主迴路 ,教學,60920.13
2017/07,北區,科學一館,主迴路 ,教學,64002.38
2017/08,北區,科學一館,主迴路 ,教學,64538.13
2017/06,北區,科學一館,主迴路 ,教學,67220.88
2017/02,南區,研究生二舍 ,主迴路 ,宿舍,33277.5
2016/12,南區,研究生二舍 ,主迴路 ,宿舍,38292
2017/03,南區,研究生二舍 ,主迴路 ,宿舍,39149.5
2017/04,南區,研究生二舍 ,主迴路 ,宿舍,39237.5
2016/11,南區,研究生二舍 ,主迴路 ,宿舍,39340.5
2016/09,南區,研究生二舍 ,主迴路 ,宿舍,56331
2016/10,南區,研究生二舍 ,主迴路 ,宿舍,56723
2017/07,南區,研究生二舍 ,主迴路 ,宿舍,68235
2017/08,南區,研究生二舍 ,主迴路 ,宿舍,68436.5
2017/01,南區,研究生二舍 ,主迴路 ,宿舍,4457912
2017/05,南區,研究生二舍 ,主迴路 ,宿舍,4638873
2017/06,南區,研究生二舍 ,主迴路 ,宿舍,4659724
2017/02,北區,研究生一舍 ,主迴路 ,宿舍,13680.75
2017/01,北區,研究生一舍 ,主迴路 ,宿舍,13764.38
2017/04,北區,研究生一舍 ,主迴路 ,宿舍,14328.63
2016/12,北區,研究生一舍 ,主迴路 ,宿舍,14379.13
2016/11,北區,研究生一舍 ,主迴路 ,宿舍,15156.13
2017/07,北區,研究生一舍 ,主迴路 ,宿舍,15667.88
2017/05,北區,研究生一舍 ,主迴路 ,宿舍,15693.25
2017/03,北區,研究生一舍 ,主迴路 ,宿舍,15714.75
2017/08,北區,研究生一舍 ,主迴路 ,宿舍,15913.5
2017/06,北區,研究生一舍 ,主迴路 ,宿舍,16116.63
2016/09,北區,研究生一舍 ,主迴路 ,宿舍,17113.5
2016/10,北區,研究生一舍 ,主迴路 ,宿舍,17564.25
2016/09,北區,活動中心,主迴路 ,行政,0
2017/04,北區,活動中心,空調R ,行政,0
2017/05,北區,活動中心,空調R ,行政,0
2017/06,北區,活動中心,空調R ,行政,0
2017/07,北區,活動中心,空調R ,行政,0
2017/08,北區,活動中心,空調R ,行政,0
2017/03,北區,活動中心,華通空調,外租,28.5
2017/02,北區,活動中心,華通空調,外租,31.95
2017/01,北區,活動中心,華通空調,外租,33.02
2016/12,北區,活動中心,華通空調,外租,131.08
2017/01,北區,活動中心,洗衣部 ,外租,275.91
2017/02,北區,活動中心,洗衣部 ,外租,283.91
2017/05,北區,活動中心,洗衣部 ,外租,318.21
2017/03,北區,活動中心,洗衣部 ,外租,319.24
2017/04,北區,活動中心,洗衣部 ,外租,336.62
2017/07,北區,活動中心,洗衣部 ,外租,348.27
2016/11,北區,活動中心,洗衣部 ,外租,353.25
2017/08,北區,活動中心,洗衣部 ,外租,369.87
2016/12,北區,活動中心,洗衣部 ,外租,374.68
2016/09,北區,活動中心,洗衣部 ,外租,381.55
2016/10,北區,活動中心,洗衣部 ,外租,389.09
2017/06,北區,活動中心,洗衣部 ,外租,389.63
2017/04,北區,活動中心,華通空調,外租,716.08
2017/01,北區,活動中心,理髮部 ,外租,735.09
2017/02,北區,活動中心,理髮部 ,外租,747.73
2017/02,北區,活動中心,眼鏡部 ,外租,766.72
2017/02,北區,活動中心,美髮部 ,外租,767.88
2017/01,北區,活動中心,眼鏡部 ,外租,838.62
2017/04,北區,活動中心,理髮部 ,外租,873.09
2017/04,北區,活動中心,美髮部 ,外租,885.51
2017/01,北區,活動中心,美髮部 ,外租,902.13
2016/11,北區,活動中心,理髮部 ,外租,917.18
2016/12,北區,活動中心,理髮部 ,外租,921.07
2017/03,北區,活動中心,理髮部 ,外租,925.16
2017/03,北區,活動中心,眼鏡部 ,外租,927.74
2017/03,北區,活動中心,美髮部 ,外租,943.66
2016/12,北區,活動中心,美髮部 ,外租,944.37
2016/11,北區,活動中心,美髮部 ,外租,960.95
2017/05,北區,活動中心,美髮部 ,外租,1059.93
2016/12,北區,活動中心,眼鏡部 ,外租,1086.64
2016/09,北區,活動中心,理髮部 ,外租,1116.77
2016/09,北區,活動中心,美髮部 ,外租,1119.45
2017/05,北區,活動中心,理髮部 ,外租,1136.59
2017/04,北區,活動中心,眼鏡部 ,外租,1217.34
2017/07,北區,活動中心,美髮部 ,外租,1277.14
2016/10,北區,活動中心,理髮部 ,外租,1290.19
2016/10,北區,活動中心,美髮部 ,外租,1291.71
2017/01,北區,活動中心,華通燈插,外租,1314.41
2017/06,北區,活動中心,美髮部 ,外租,1346.77
2017/07,北區,活動中心,理髮部 ,外租,1352.01
2017/08,北區,活動中心,美髮部 ,外租,1372.62
2017/07,北區,活動中心,華通燈插,外租,1379.52
2017/06,北區,活動中心,理髮部 ,外租,1398.66
2016/11,北區,活動中心,眼鏡部 ,外租,1435.88
2017/08,北區,活動中心,華通燈插,外租,1488.11
2017/08,北區,活動中心,理髮部 ,外租,1510.33
2016/09,北區,活動中心,眼鏡部 ,外租,1541.8
2017/08,北區,活動中心,思源,行政,1542.72
2017/05,北區,活動中心,眼鏡部 ,外租,1562.65
2017/02,北區,活動中心,華通燈插,外租,1564.78
2016/11,北區,活動中心,華通空調,外租,1603.63
2017/06,北區,活動中心,華通燈插,外租,1622.69
2016/10,北區,活動中心,眼鏡部 ,外租,1693.55
2017/05,北區,活動中心,華通燈插,外租,1751.94
2017/04,北區,活動中心,華通燈插,外租,1758.83
2017/06,北區,活動中心,眼鏡部 ,外租,1780.81
2017/07,北區,活動中心,眼鏡部 ,外租,1821.73
2016/12,北區,活動中心,華通燈插,外租,1867.67
2016/09,北區,活動中心,華通燈插,外租,1955.66
2017/08,北區,活動中心,眼鏡部 ,外租,1961.63
2017/06,北區,活動中心,思源,行政,1979.34
2017/07,北區,活動中心,思源,行政,2013.69
2016/10,北區,活動中心,華通燈插,外租,2026.45
2016/11,北區,活動中心,華通燈插,外租,2057.75
2017/03,北區,活動中心,華通燈插,外租,2185.61
2017/04,北區,活動中心,思源,行政,2616.84
2017/03,北區,活動中心,思源,行政,2674.47
2017/02,北區,活動中心,思源,行政,2753.44
2017/05,北區,活動中心,思源,行政,2793.06
2016/10,北區,活動中心,思源,行政,2925.72
2017/01,北區,活動中心,思源,行政,3027.78
2017/05,北區,活動中心,華通空調,外租,3100.81
2016/11,北區,活動中心,思源,行政,3137.78
2016/09,北區,活動中心,思源,行政,3210.02
2017/03,北區,活動中心,空調R ,行政,3255.28
2016/12,北區,活動中心,思源,行政,3257.38
2016/10,北區,活動中心,華通空調,外租,4317.97
2017/06,北區,活動中心,華通空調,外租,4412.64
2017/01,北區,活動中心,空調R ,行政,4788.03
2016/09,北區,活動中心,華通空調,外租,4792.86
2017/07,北區,活動中心,華通空調,外租,4841.77
2017/02,北區,活動中心,空調R ,行政,4853.66
2017/08,北區,活動中心,華通空調,外租,5164.06
2016/12,北區,活動中心,空調R ,行政,6124.25
2016/11,北區,活動中心,空調R ,行政,6889.34
2016/10,北區,活動中心,空調R ,行政,11864.16
2016/09,北區,活動中心,空調R ,行政,12538.91
2016/10,北區,活動中心,主迴路 ,行政,16893.89
2017/04,北區,活動中心,第一餐聽,外租,17054.25
2017/07,北區,活動中心,第一餐聽,外租,23245.63
2017/05,北區,活動中心,第一餐聽,外租,23295
2017/08,北區,活動中心,第一餐聽,外租,23959.88
2017/06,北區,活動中心,第一餐聽,外租,23969.38
2017/02,北區,活動中心,主迴路 ,行政,42026.41
2017/01,北區,活動中心,主迴路 ,行政,44513.11
2017/03,北區,活動中心,主迴路 ,行政,51351.98
2017/04,北區,活動中心,主迴路 ,行政,56461.88
2016/11,北區,活動中心,主迴路 ,行政,61659.37
2016/12,北區,活動中心,主迴路 ,行政,61830.62
2017/08,北區,活動中心,主迴路 ,行政,83234.88
2017/05,北區,活動中心,主迴路 ,行政,83972.94
2017/06,北區,活動中心,主迴路 ,行政,85997.53
2017/07,北區,活動中心,主迴路 ,行政,86438.84
2016/10,北區,活動中心,第一餐聽,外租,2713285
2016/09,北區,活動中心,第一餐聽,外租,90420140
2016/11,北區,活動中心,第一餐聽,外租,117636700
2016/09,南區,南區總電站 ,,電站,0
2016/10,南區,南區總電站 ,,電站,0
2016/11,南區,南區總電站 ,,電站,0
2016/12,南區,南區總電站 ,,電站,0
2017/02,南區,南區總電站 ,,電站,0
2017/03,南區,南區總電站 ,,電站,0
2017/04,南區,南區總電站 ,,電站,0
2017/06,南區,南區總電站 ,,電站,0
2017/07,南區,南區總電站 ,,電站,0
2017/08,南區,南區總電站 ,,電站,0
2017/01,南區,南區總電站 ,,電站,294461000
2017/05,南區,南區總電站 ,,電站,294461000
2017/02,南區,服務大樓,主迴路 ,行政,30873.5
2017/04,南區,服務大樓,主迴路 ,行政,31388.5
2017/05,南區,服務大樓,主迴路 ,行政,32463.75
2017/03,南區,服務大樓,主迴路 ,行政,33838
2017/08,南區,服務大樓,主迴路 ,行政,36385
2016/11,南區,服務大樓,主迴路 ,行政,36711
2017/06,南區,服務大樓,主迴路 ,行政,37146.5
2016/12,南區,服務大樓,主迴路 ,行政,37236
2017/07,南區,服務大樓,主迴路 ,行政,43385
2016/10,南區,服務大樓,主迴路 ,行政,44666.75
2016/09,南區,服務大樓,主迴路 ,行政,2130544
2017/01,南區,服務大樓,主迴路 ,行政,2311804
2017/02,南區,防災中心,主迴路 ,行政,4259.81
2016/12,南區,防災中心,主迴路 ,行政,5317.69
2017/03,南區,防災中心,主迴路 ,行政,5548.13
2016/11,南區,防災中心,主迴路 ,行政,5855.31
2017/04,南區,防災中心,主迴路 ,行政,6049.56
2017/05,南區,防災中心,主迴路 ,行政,6960.69
2016/10,南區,防災中心,主迴路 ,行政,7592
2017/07,南區,防災中心,主迴路 ,行政,9856.5
2017/08,南區,防災中心,主迴路 ,行政,9903
2017/01,南區,防災中心,主迴路 ,行政,856642.6
2017/06,南區,防災中心,主迴路 ,行政,885196
2016/09,南區,防災中心,主迴路 ,行政,1663311
2017/02,南區,材料實驗,主迴路 ,教學,8614.63
2017/03,南區,材料實驗,主迴路 ,教學,10446.75
2016/12,南區,材料實驗,主迴路 ,教學,11967.63
2017/04,南區,材料實驗,主迴路 ,教學,14061.25
2016/11,南區,材料實驗,主迴路 ,教學,14117
2017/05,南區,材料實驗,主迴路 ,教學,18184.38
2017/07,南區,材料實驗,主迴路 ,教學,19897.63
2017/08,南區,材料實驗,主迴路 ,教學,21321
2016/10,南區,材料實驗,主迴路 ,教學,21679.25
2017/01,南區,材料實驗,主迴路 ,教學,1243798
2017/06,南區,材料實驗,主迴路 ,教學,1307466
2016/09,南區,材料實驗,主迴路 ,教學,2369023
2017/08,北區,行政大樓,主迴路 ,行政,0
2016/12,北區,行政大樓,主迴路 ,行政,125.61
2017/01,北區,行政大樓,主迴路 ,行政,172.42
2017/02,北區,行政大樓,主迴路 ,行政,400.91
2017/03,北區,行政大樓,主迴路 ,行政,496.88
2016/11,北區,行政大樓,主迴路 ,行政,1920.39
2017/07,北區,行政大樓,主迴路 ,行政,3294.97
2017/04,北區,行政大樓,主迴路 ,行政,4311.7
2016/10,北區,行政大樓,主迴路 ,行政,8487.64
2017/05,北區,行政大樓,主迴路 ,行政,9857.31
2016/09,北區,行政大樓,主迴路 ,行政,10034.91
2017/06,北區,行政大樓,主迴路 ,行政,14358.13
2017/08,北區,竹軒宿舍,主迴路 ,宿舍,8777.44
2017/02,北區,竹軒宿舍,主迴路 ,宿舍,12618.53
2017/01,北區,竹軒宿舍,主迴路 ,宿舍,13806.61
2017/07,北區,竹軒宿舍,主迴路 ,宿舍,14593.56
2016/12,北區,竹軒宿舍,主迴路 ,宿舍,18169.78
2017/03,北區,竹軒宿舍,主迴路 ,宿舍,18701.77
2016/11,北區,竹軒宿舍,主迴路 ,宿舍,20019.83
2017/04,北區,竹軒宿舍,主迴路 ,宿舍,21062.78
2016/09,北區,竹軒宿舍,主迴路 ,宿舍,26657.22
2017/06,北區,竹軒宿舍,主迴路 ,宿舍,28644.16
2016/10,北區,竹軒宿舍,主迴路 ,宿舍,29986.38
2017/05,北區,竹軒宿舍,主迴路 ,宿舍,30352.88
2017/05,北區,污水場 ,主迴路 ,行政,0
2017/06,北區,污水場 ,主迴路 ,行政,0
2017/07,北區,污水場 ,主迴路 ,行政,0
2017/08,北區,污水場 ,主迴路 ,行政,0
2017/02,北區,污水場 ,主迴路 ,行政,415.44
2017/01,北區,污水場 ,主迴路 ,行政,749.69
2016/11,北區,污水場 ,主迴路 ,行政,945.19
2017/03,北區,污水場 ,主迴路 ,行政,1108.63
2016/12,北區,污水場 ,主迴路 ,行政,1223.75
2017/04,北區,污水場 ,主迴路 ,行政,1556.88
2016/09,北區,污水場 ,主迴路 ,行政,1570.19
2016/10,北區,污水場 ,主迴路 ,行政,2188.75
2016/12,北區,光電大樓,主迴路 ,教學,0
2016/11,北區,光電大樓,主迴路 ,教學,175533.4
2017/02,北區,光電大樓,主迴路 ,教學,225028.5
2017/03,北區,光電大樓,主迴路 ,教學,283449.9
2017/04,北區,光電大樓,主迴路 ,教學,306591.9
2016/09,北區,光電大樓,主迴路 ,教學,355831.7
2016/10,北區,光電大樓,主迴路 ,教學,368665.9
2017/05,北區,光電大樓,主迴路 ,教學,373546.8
2017/06,北區,光電大樓,主迴路 ,教學,379082
2017/07,北區,光電大樓,主迴路 ,教學,394491.8
2017/08,北區,光電大樓,主迴路 ,教學,421187.8
2017/01,北區,光電大樓,主迴路 ,教學,673310.5
2017/02,南區,交映樓 ,主迴路 ,教學,35714
2017/03,南區,交映樓 ,主迴路 ,教學,46329
2016/12,南區,交映樓 ,主迴路 ,教學,50099
2017/04,南區,交映樓 ,主迴路 ,教學,50315
2016/10,南區,交映樓 ,主迴路 ,教學,65425.5
2017/06,南區,交映樓 ,主迴路 ,教學,65466
2017/08,南區,交映樓 ,主迴路 ,教學,69988.5
2017/07,南區,交映樓 ,主迴路 ,教學,74422
2016/09,南區,交映樓 ,主迴路 ,教學,4970509
2016/11,南區,交映樓 ,主迴路 ,教學,5109443
2017/01,南區,交映樓 ,主迴路 ,教學,5217029
2017/05,南區,交映樓 ,主迴路 ,教學,5426319
2017/02,北區,中正堂 ,1F郵局L燈力,外租,75.76
2017/03,北區,中正堂 ,1F郵局L燈力,外租,78.57
2017/01,北區,中正堂 ,1F郵局L燈力,外租,88.07
2016/12,北區,中正堂 ,1F郵局L燈力,外租,134.38
2017/04,北區,中正堂 ,1F郵局L燈力,外租,176.63
2017/05,北區,中正堂 ,1F郵局L燈力,外租,485.32
2016/10,北區,中正堂 ,1F郵局L燈力,外租,875.18
2016/09,北區,中正堂 ,1F郵局L燈力,外租,972.14
2017/06,北區,中正堂 ,1F郵局L燈力,外租,1007.11
2017/07,北區,中正堂 ,1F郵局L燈力,外租,1144.46
2017/08,北區,中正堂 ,1F郵局L燈力,外租,1392.76
2017/02,北區,中正堂 ,1F郵局P動力,外租,1707.5
2017/04,北區,中正堂 ,1F郵局P動力,外租,1772.47
2017/01,北區,中正堂 ,1F郵局P動力,外租,1792.74
2016/09,北區,中正堂 ,1F郵局P動力,外租,1830.75
2017/05,北區,中正堂 ,1F郵局P動力,外租,1875.79
2016/10,北區,中正堂 ,1F郵局P動力,外租,1897.88
2017/07,北區,中正堂 ,1F郵局P動力,外租,1909.66
2016/12,北區,中正堂 ,1F郵局P動力,外租,1990.77
2017/06,北區,中正堂 ,1F郵局P動力,外租,1993.57
2017/08,北區,中正堂 ,1F郵局P動力,外租,2011.45
2017/03,北區,中正堂 ,1F郵局P動力,外租,2068.43
2017/01,北區,中正堂 ,主迴路 ,行政,16618.97
2017/02,北區,中正堂 ,主迴路 ,行政,17041.53
2017/04,北區,中正堂 ,主迴路 ,行政,22082.66
2017/03,北區,中正堂 ,主迴路 ,行政,24025.94
2016/12,北區,中正堂 ,主迴路 ,行政,28460.31
2016/11,北區,中正堂 ,主迴路 ,行政,32486.53
2016/10,北區,中正堂 ,主迴路 ,行政,34654.88
2016/09,北區,中正堂 ,主迴路 ,行政,38568.61
2017/05,北區,中正堂 ,主迴路 ,行政,41236.5
2017/08,北區,中正堂 ,主迴路 ,行政,42204.5
2017/07,北區,中正堂 ,主迴路 ,行政,52013
2017/06,北區,中正堂 ,主迴路 ,行政,52744.5
2016/11,北區,中正堂 ,1F郵局L燈力,外租,62926.82
2016/11,北區,中正堂 ,1F郵局P動力,外租,82993.4
2017/02,南區,工程四館,主迴路 ,教學,203618
2017/03,南區,工程四館,主迴路 ,教學,255078
2016/12,南區,工程四館,主迴路 ,教學,277907
2017/04,南區,工程四館,主迴路 ,教學,278830
2016/11,南區,工程四館,主迴路 ,教學,303070
2016/09,南區,工程四館,主迴路 ,教學,342484
2017/08,南區,工程四館,主迴路 ,教學,355897
2016/10,南區,工程四館,主迴路 ,教學,366530
2017/07,南區,工程四館,主迴路 ,教學,371254
2017/01,南區,工程四館,主迴路 ,教學,13813330
2017/05,南區,工程四館,主迴路 ,教學,14985320
2017/06,南區,工程四館,主迴路 ,教學,15064240
2017/02,南區,工程六館,主迴路 ,教學,119864.5
2017/03,南區,工程六館,主迴路 ,教學,151256.8
2016/12,南區,工程六館,主迴路 ,教學,160789.1
2017/04,南區,工程六館,主迴路 ,教學,169622.8
2016/10,南區,工程六館,主迴路 ,教學,217848
2017/06,南區,工程六館,主迴路 ,教學,222389
2017/07,南區,工程六館,主迴路 ,教學,241524.4
2017/08,南區,工程六館,主迴路 ,教學,246447.5
2016/09,南區,工程六館,主迴路 ,教學,342914.2
2016/11,南區,工程六館,主迴路 ,教學,797101.4
2017/05,南區,工程六館,主迴路 ,教學,1867868
2017/01,南區,工程六館,主迴路 ,教學,2091565
2017/02,南區,工程五館,主迴路 ,教學,135814
2016/12,南區,工程五館,主迴路 ,教學,210760
2017/04,南區,工程五館,主迴路 ,教學,222705
2017/05,南區,工程五館,主迴路 ,教學,295453.5
2016/09,南區,工程五館,主迴路 ,教學,297486.5
2016/10,南區,工程五館,主迴路 ,教學,321551.3
2017/06,南區,工程五館,主迴路 ,教學,325365
2017/07,南區,工程五館,主迴路 ,教學,347921
2017/08,南區,工程五館,主迴路 ,教學,356902
2016/11,南區,工程五館,主迴路 ,教學,4168347
2017/01,南區,工程五館,主迴路 ,教學,4609158
2017/03,南區,工程五館,主迴路 ,教學,4785482
2017/02,南區,工程三館,主迴路 ,教學,113186
2017/03,南區,工程三館,主迴路 ,教學,143674
2016/12,南區,工程三館,主迴路 ,教學,148302
2017/04,南區,工程三館,主迴路 ,教學,157442
2016/11,南區,工程三館,主迴路 ,教學,165312
2016/09,南區,工程三館,主迴路 ,教學,179970
2016/10,南區,工程三館,主迴路 ,教學,194072
2017/08,南區,工程三館,主迴路 ,教學,226858
2017/07,南區,工程三館,主迴路 ,教學,230660
2017/01,南區,工程三館,主迴路 ,教學,18094280
2017/05,南區,工程三館,主迴路 ,教學,18773530
2017/06,南區,工程三館,主迴路 ,教學,18825640
2017/02,北區,工程二館,主迴路 ,教學,20996.31
2017/01,北區,工程二館,主迴路 ,教學,23412.44
2017/03,北區,工程二館,主迴路 ,教學,25768.88
2016/12,北區,工程二館,主迴路 ,教學,26457.34
2017/04,北區,工程二館,主迴路 ,教學,29174.13
2016/11,北區,工程二館,主迴路 ,教學,29715.28
2017/05,北區,工程二館,主迴路 ,教學,37091.38
2016/09,北區,工程二館,主迴路 ,教學,39896.34
2017/08,北區,工程二館,主迴路 ,教學,40210
2016/10,北區,工程二館,主迴路 ,教學,40630.19
2017/07,北區,工程二館,主迴路 ,教學,42162.31
2017/06,北區,工程二館,主迴路 ,教學,43642.63
2017/02,北區,工程一館中繼,,電站,314184
2017/01,北區,工程一館中繼,,電站,338392
2016/12,北區,工程一館中繼,,電站,389944
2017/03,北區,工程一館中繼,,電站,392404
2017/04,北區,工程一館中繼,,電站,415948
2016/11,北區,工程一館中繼,,電站,416724
2016/09,北區,工程一館中繼,,電站,487128
2016/10,北區,工程一館中繼,,電站,518796
2017/07,北區,工程一館中繼,,電站,534504
2017/08,北區,工程一館中繼,,電站,541348
2017/05,北區,工程一館中繼,,電站,564664
2017/06,北區,工程一館中繼,,電站,576884
2017/02,北區,工程一館,主迴路 ,教學,10572.25
2017/01,北區,工程一館,主迴路 ,教學,11648.25
2017/03,北區,工程一館,主迴路 ,教學,12430.25
2017/04,北區,工程一館,主迴路 ,教學,14461
2016/12,北區,工程一館,主迴路 ,教學,14773.25
2016/11,北區,工程一館,主迴路 ,教學,15260.88
2017/05,北區,工程一館,主迴路 ,教學,18443
2016/09,北區,工程一館,主迴路 ,教學,18918.5
2017/06,北區,工程一館,主迴路 ,教學,19396.13
2016/10,北區,工程一館,主迴路 ,教學,20456.63
2017/07,北區,工程一館,主迴路 ,教學,21355.5
2017/08,北區,工程一館,主迴路 ,教學,23307
2017/03,南區,女二舍 ,第二招待所 ,宿舍,790.11
2017/02,南區,女二舍 ,第二招待所 ,宿舍,791.98
2017/04,南區,女二舍 ,第二招待所 ,宿舍,869.22
2016/12,南區,女二舍 ,第二招待所 ,宿舍,949.42
2016/11,南區,女二舍 ,第二招待所 ,宿舍,1044.97
2017/05,南區,女二舍 ,第二招待所 ,宿舍,1448.16
2017/08,南區,女二舍 ,第二招待所 ,宿舍,2604.36
2017/07,南區,女二舍 ,第二招待所 ,宿舍,3306.25
2017/02,南區,女二舍 ,1F冷熱飲,外租,4043.78
2017/04,南區,女二舍 ,1F冷熱飲,外租,5335.41
2017/03,南區,女二舍 ,1F冷熱飲,外租,5874.28
2017/07,南區,女二舍 ,1F冷熱飲,外租,5922.38
2016/12,南區,女二舍 ,1F冷熱飲,外租,6207.66
2016/11,南區,女二舍 ,1F冷熱飲,外租,6457.06
2017/05,南區,女二舍 ,1F冷熱飲,外租,6606.78
2017/02,南區,女二舍 ,2F自助餐,外租,6739.06
2017/08,南區,女二舍 ,1F冷熱飲,外租,6748.97
2017/03,南區,女二舍 ,2F自助餐,外租,8600.94
2017/04,南區,女二舍 ,2F自助餐,外租,9027.88
2017/02,南區,女二舍 ,1F便利超商,外租,11322.44
2016/12,南區,女二舍 ,2F自助餐,外租,11332.25
2017/05,南區,女二舍 ,2F自助餐,外租,11756.5
2017/08,南區,女二舍 ,2F自助餐,外租,11860.19
2017/07,南區,女二舍 ,2F自助餐,外租,12218.69
2016/11,南區,女二舍 ,2F自助餐,外租,14298.13
2017/03,南區,女二舍 ,1F便利超商,外租,14306.69
2016/12,南區,女二舍 ,1F便利超商,外租,14352.19
2017/04,南區,女二舍 ,1F便利超商,外租,14851.69
2016/11,南區,女二舍 ,1F便利超商,外租,15222.69
2017/02,南區,女二舍 ,1F自助餐,外租,15267.75
2017/05,南區,女二舍 ,1F便利超商,外租,15499
2017/07,南區,女二舍 ,1F便利超商,外租,17130.44
2017/08,南區,女二舍 ,1F便利超商,外租,17554.13
2017/02,南區,女二舍 ,1F速食,外租,17737.63
2017/03,南區,女二舍 ,1F自助餐,外租,19633.38
2017/04,南區,女二舍 ,1F自助餐,外租,20793.13
2016/12,南區,女二舍 ,1F自助餐,外租,20908.25
2016/12,南區,女二舍 ,1F速食,外租,22560.5
2017/03,南區,女二舍 ,1F速食,外租,22692.25
2016/11,南區,女二舍 ,1F自助餐,外租,23716.75
2017/04,南區,女二舍 ,1F速食,外租,24383.88
2016/11,南區,女二舍 ,1F速食,外租,24739.75
2017/05,南區,女二舍 ,1F自助餐,外租,25336.75
2017/05,南區,女二舍 ,1F速食,外租,27827.13
2017/08,南區,女二舍 ,1F速食,外租,29030.75
2017/07,南區,女二舍 ,1F自助餐,外租,30531.63
2017/08,南區,女二舍 ,1F自助餐,外租,30767.75
2017/07,南區,女二舍 ,1F速食,外租,31051
2017/02,南區,女二舍 ,主迴路 ,宿舍,122090
2016/10,南區,女二舍 ,第二招待所 ,宿舍,159202.3
2017/01,南區,女二舍 ,第二招待所 ,宿舍,162627.2
2017/04,南區,女二舍 ,主迴路 ,宿舍,163582
2017/03,南區,女二舍 ,主迴路 ,宿舍,166706
2017/06,南區,女二舍 ,第二招待所 ,宿舍,168501.3
2016/12,南區,女二舍 ,主迴路 ,宿舍,172164
2016/11,南區,女二舍 ,主迴路 ,宿舍,180716
2017/08,南區,女二舍 ,主迴路 ,宿舍,202014
2017/07,南區,女二舍 ,主迴路 ,宿舍,209388
2017/06,南區,女二舍 ,主迴路 ,宿舍,228298
2016/10,南區,女二舍 ,主迴路 ,宿舍,229818
2016/09,南區,女二舍 ,第二招待所 ,宿舍,315757.4
2016/10,南區,女二舍 ,1F冷熱飲,外租,394402.9
2017/01,南區,女二舍 ,1F冷熱飲,外租,415488
2017/06,南區,女二舍 ,1F冷熱飲,外租,440408.4
2016/09,南區,女二舍 ,1F冷熱飲,外租,777817.3
2016/10,南區,女二舍 ,1F便利超商,外租,854994.1
2017/01,南區,女二舍 ,1F便利超商,外租,904068.1
2016/10,南區,女二舍 ,2F自助餐,外租,924613.2
2017/01,南區,女二舍 ,2F自助餐,外租,963463.9
2017/06,南區,女二舍 ,1F便利超商,外租,967856.3
2017/06,南區,女二舍 ,2F自助餐,外租,1005906
2016/10,南區,女二舍 ,1F速食,外租,1260932
2017/01,南區,女二舍 ,1F速食,外租,1340332
2017/06,南區,女二舍 ,1F速食,外租,1449421
2016/09,南區,女二舍 ,1F便利超商,外租,1680924
2016/10,南區,女二舍 ,1F自助餐,外租,1780553
2016/09,南區,女二舍 ,2F自助餐,外租,1821779
2017/01,南區,女二舍 ,1F自助餐,外租,1853784
2017/06,南區,女二舍 ,1F自助餐,外租,1951952
2016/09,南區,女二舍 ,1F速食,外租,2475054
2016/09,南區,女二舍 ,1F自助餐,外租,3511148
2016/09,南區,女二舍 ,主迴路 ,宿舍,16788580
2017/01,南區,女二舍 ,主迴路 ,宿舍,17614500
2017/05,南區,女二舍 ,主迴路 ,宿舍,18351140
2017/02,南區,土木結構,主迴路 ,教學,26664.5
2016/12,南區,土木結構,主迴路 ,教學,31267.5
2017/04,南區,土木結構,主迴路 ,教學,36437.5
2017/05,南區,土木結構,主迴路 ,教學,48093.5
2016/10,南區,土木結構,主迴路 ,教學,49977
2017/06,南區,土木結構,主迴路 ,教學,54852
2016/09,南區,土木結構,主迴路 ,教學,55067
2017/08,南區,土木結構,主迴路 ,教學,58323.5
2017/07,南區,土木結構,主迴路 ,教學,59255.5
2016/11,南區,土木結構,主迴路 ,教學,4447559
2017/01,南區,土木結構,主迴路 ,教學,4545362
2017/03,南區,土木結構,主迴路 ,教學,4568211
2017/02,北區,人社二館中繼,,電站,234724.5
2017/01,北區,人社二館中繼,,電站,266019
2017/03,北區,人社二館中繼,,電站,293451.5
2016/12,北區,人社二館中繼,,電站,322789
2017/04,北區,人社二館中繼,,電站,342402
2016/11,北區,人社二館中繼,,電站,364449.5
2017/05,北區,人社二館中繼,,電站,461038
2017/07,北區,人社二館中繼,,電站,483936.5
2017/06,北區,人社二館中繼,,電站,497269.5
2017/08,北區,人社二館中繼,,電站,503886
2016/10,北區,人社二館中繼,,電站,5506069
2016/09,北區,人社二館中繼,,電站,31277530
2017/02,北區,人社二館,主迴路 ,教學,14651.88
2017/01,北區,人社二館,主迴路 ,教學,16248.38
2017/04,北區,人社二館,主迴路 ,教學,19350.63
2016/12,北區,人社二館,主迴路 ,教學,19383.25
2017/03,北區,人社二館,主迴路 ,教學,19476.13
2016/11,北區,人社二館,主迴路 ,教學,21764.13
2017/08,北區,人社二館,主迴路 ,教學,24291.25
2017/05,北區,人社二館,主迴路 ,教學,24886.13
2017/07,北區,人社二館,主迴路 ,教學,25394.25
2017/06,北區,人社二館,主迴路 ,教學,26609.13
2016/09,北區,人社二館,主迴路 ,教學,1177640
2016/10,北區,人社二館,主迴路 ,教學,1220176
2017/02,北區,人社一館,主迴路 ,教學,15777.19
2017/01,北區,人社一館,主迴路 ,教學,17368.25
2017/03,北區,人社一館,主迴路 ,教學,20375.88
2016/12,北區,人社一館,主迴路 ,教學,21021.31
2017/04,北區,人社一館,主迴路 ,教學,22610.28
2016/11,北區,人社一館,主迴路 ,教學,24079.13
2017/07,北區,人社一館,主迴路 ,教學,24358.81
2017/08,北區,人社一館,主迴路 ,教學,26428.16
2016/09,北區,人社一館,主迴路 ,教學,30391.02
2017/05,北區,人社一館,主迴路 ,教學,30829.16
2016/10,北區,人社一館,主迴路 ,教學,34042.13
2017/06,北區,人社一館,主迴路 ,教學,35541.84