Date,Area,bd_name,Loop,Type,Usage
2016/09,South,ServiceBD,主迴路                 ,Admin,2130544
2016/10,South,ServiceBD,主迴路                 ,Admin,44666.75
2016/11,South,ServiceBD,主迴路                 ,Admin,36711
2016/12,South,ServiceBD,主迴路                 ,Admin,37236
2017/01,South,ServiceBD,主迴路                 ,Admin,2311804
2017/02,South,ServiceBD,主迴路                 ,Admin,30873.5
2017/03,South,ServiceBD,主迴路                 ,Admin,33838
2017/04,South,ServiceBD,主迴路                 ,Admin,31388.5
2017/05,South,ServiceBD,主迴路                 ,Admin,32463.75
2017/06,South,ServiceBD,主迴路                 ,Admin,37146.5
2017/07,South,ServiceBD,主迴路                 ,Admin,43385
2017/08,South,ServiceBD,主迴路                 ,Admin,36385
2016/09,South,Emergency_Center,主迴路                 ,Admin,1663311
2016/10,South,Emergency_Center,主迴路                 ,Admin,7592
2016/11,South,Emergency_Center,主迴路                 ,Admin,5855.31
2016/12,South,Emergency_Center,主迴路                 ,Admin,5317.69
2017/01,South,Emergency_Center,主迴路                 ,Admin,856642.6
2017/02,South,Emergency_Center,主迴路                 ,Admin,4259.81
2017/03,South,Emergency_Center,主迴路                 ,Admin,5548.13
2017/04,South,Emergency_Center,主迴路                 ,Admin,6049.56
2017/05,South,Emergency_Center,主迴路                 ,Admin,6960.69
2017/06,South,Emergency_Center,主迴路                 ,Admin,885196
2017/07,South,Emergency_Center,主迴路                 ,Admin,9856.5
2017/08,South,Emergency_Center,主迴路                 ,Admin,9903
2016/09,South,Hao_Ran,主迴路                 ,Admin,241198
2016/10,South,Hao_Ran,主迴路                 ,Admin,268246
2016/11,South,Hao_Ran,主迴路                 ,Admin,241164
2016/12,South,Hao_Ran,主迴路                 ,Admin,211010
2017/01,South,Hao_Ran,主迴路                 ,Admin,23432220
2017/02,South,Hao_Ran,主迴路                 ,Admin,151284
2017/03,South,Hao_Ran,主迴路                 ,Admin,196592
2017/04,South,Hao_Ran,主迴路                 ,Admin,224616
2017/05,South,Hao_Ran,主迴路                 ,Admin,256752
2017/06,South,Hao_Ran,主迴路                 ,Admin,287716
2017/07,South,Hao_Ran,主迴路                 ,Admin,271546
2017/08,South,Hao_Ran,主迴路                 ,Admin,278340
2016/09,South,Hao_Ran,咖啡廳                 ,rent,1868.05
2016/10,South,Hao_Ran,咖啡廳                 ,rent,96904.03
2016/11,South,Hao_Ran,咖啡廳                 ,rent,1910.5
2016/12,South,Hao_Ran,咖啡廳                 ,rent,1867.29
2017/01,South,Hao_Ran,咖啡廳                 ,rent,103190.2
2017/02,South,Hao_Ran,咖啡廳                 ,rent,103264.4
2017/03,South,Hao_Ran,咖啡廳                 ,rent,1757.2
2017/04,South,Hao_Ran,咖啡廳                 ,rent,1760.56
2017/05,South,Hao_Ran,咖啡廳                 ,rent,110517.6
2017/06,South,Hao_Ran,咖啡廳                 ,rent,2102.09
2017/07,South,Hao_Ran,咖啡廳                 ,rent,2206.34
2017/08,South,Hao_Ran,咖啡廳                 ,rent,2191.8
2016/09,South,Info(South),主迴路                 ,Admin,180106
2016/10,South,Info(South),主迴路                 ,Admin,186686.5
2016/11,South,Info(South),主迴路                 ,Admin,165044
2016/12,South,Info(South),主迴路                 ,Admin,156010.5
2017/01,South,Info(South),主迴路                 ,Admin,5156064
2017/02,South,Info(South),主迴路                 ,Admin,132981.5
2017/03,South,Info(South),主迴路                 ,Admin,151334.5
2017/04,South,Info(South),主迴路                 ,Admin,156185.5
2017/05,South,Info(South),主迴路                 ,Admin,140924.5
2017/06,South,Info(South),主迴路                 ,Admin,157065.5
2017/07,South,Info(South),主迴路                 ,Admin,182857.5
2017/08,South,Info(South),主迴路                 ,Admin,187850
2016/09,South,MotocycleA,主迴路                 ,Admin,175697100
2016/10,South,MotocycleA,主迴路                 ,Admin,5652.06
2016/11,South,MotocycleA,主迴路                 ,Admin,229260.5
2016/12,South,MotocycleA,主迴路                 ,Admin,6255.39
2017/01,South,MotocycleA,主迴路                 ,Admin,6329.39
2017/02,South,MotocycleA,主迴路                 ,Admin,5782.41
2017/03,South,MotocycleA,主迴路                 ,Admin,6815.33
2017/04,South,MotocycleA,主迴路                 ,Admin,6732.05
2017/05,South,MotocycleA,主迴路                 ,Admin,270262.6
2017/06,South,MotocycleA,主迴路                 ,Admin,271056.3
2017/07,South,MotocycleA,主迴路                 ,Admin,277222.5
2017/08,South,MotocycleA,主迴路                 ,Admin,6390.44
2016/09,South,MotocycleH,主迴路                 ,Admin,0
2016/10,South,MotocycleH,主迴路                 ,Admin,0
2016/11,South,MotocycleH,主迴路                 ,Admin,0
2016/12,South,MotocycleH,主迴路                 ,Admin,0
2017/01,South,MotocycleH,主迴路                 ,Admin,0
2017/02,South,MotocycleH,主迴路                 ,Admin,0
2017/03,South,MotocycleH,主迴路                 ,Admin,0
2017/04,South,MotocycleH,主迴路                 ,Admin,0
2017/05,South,MotocycleH,主迴路                 ,Admin,0
2017/06,South,MotocycleH,主迴路                 ,Admin,0
2017/07,South,MotocycleH,主迴路                 ,Admin,0
2017/08,South,MotocycleH,主迴路                 ,Admin,0
2016/09,South,Engineer3,主迴路                 ,教學                  ,179970
2016/10,South,Engineer3,主迴路                 ,教學                  ,194072
2016/11,South,Engineer3,主迴路                 ,教學                  ,165312
2016/12,South,Engineer3,主迴路                 ,教學                  ,148302
2017/01,South,Engineer3,主迴路                 ,教學                  ,18094280
2017/02,South,Engineer3,主迴路                 ,教學                  ,113186
2017/03,South,Engineer3,主迴路                 ,教學                  ,143674
2017/04,South,Engineer3,主迴路                 ,教學                  ,157442
2017/05,South,Engineer3,主迴路                 ,教學                  ,18773530
2017/06,South,Engineer3,主迴路                 ,教學                  ,18825640
2017/07,South,Engineer3,主迴路                 ,教學                  ,230660
2017/08,South,Engineer3,主迴路                 ,教學                  ,226858
2016/09,South,Engineer4,主迴路                 ,教學                  ,342484
2016/10,South,Engineer4,主迴路                 ,教學                  ,366530
2016/11,South,Engineer4,主迴路                 ,教學                  ,303070
2016/12,South,Engineer4,主迴路                 ,教學                  ,277907
2017/01,South,Engineer4,主迴路                 ,教學                  ,13813330
2017/02,South,Engineer4,主迴路                 ,教學                  ,203618
2017/03,South,Engineer4,主迴路                 ,教學                  ,255078
2017/04,South,Engineer4,主迴路                 ,教學                  ,278830
2017/05,South,Engineer4,主迴路                 ,教學                  ,14985320
2017/06,South,Engineer4,主迴路                 ,教學                  ,15064240
2017/07,South,Engineer4,主迴路                 ,教學                  ,371254
2017/08,South,Engineer4,主迴路                 ,教學                  ,355897
2016/09,South,Engineer5,主迴路                 ,教學                  ,297486.5
2016/10,South,Engineer5,主迴路                 ,教學                  ,321551.3
2016/11,South,Engineer5,主迴路                 ,教學                  ,4168347
2016/12,South,Engineer5,主迴路                 ,教學                  ,210760
2017/01,South,Engineer5,主迴路                 ,教學                  ,4609158
2017/02,South,Engineer5,主迴路                 ,教學                  ,135814
2017/03,South,Engineer5,主迴路                 ,教學                  ,4785482
2017/04,South,Engineer5,主迴路                 ,教學                  ,222705
2017/05,South,Engineer5,主迴路                 ,教學                  ,295453.5
2017/06,South,Engineer5,主迴路                 ,教學                  ,325365
2017/07,South,Engineer5,主迴路                 ,教學                  ,347921
2017/08,South,Engineer5,主迴路                 ,教學                  ,356902
2016/09,South,Engineer6,主迴路                 ,教學                  ,342914.2
2016/10,South,Engineer6,主迴路                 ,教學                  ,217848
2016/11,South,Engineer6,主迴路                 ,教學                  ,797101.4
2016/12,South,Engineer6,主迴路                 ,教學                  ,160789.1
2017/01,South,Engineer6,主迴路                 ,教學                  ,2091565
2017/02,South,Engineer6,主迴路                 ,教學                  ,119864.5
2017/03,South,Engineer6,主迴路                 ,教學                  ,151256.8
2017/04,South,Engineer6,主迴路                 ,教學                  ,169622.8
2017/05,South,Engineer6,主迴路                 ,教學                  ,1867868
2017/06,South,Engineer6,主迴路                 ,教學                  ,222389
2017/07,South,Engineer6,主迴路                 ,教學                  ,241524.4
2017/08,South,Engineer6,主迴路                 ,教學                  ,246447.5
2016/09,South,Management2,主迴路                 ,教學                  ,5775086
2016/10,South,Management2,主迴路                 ,教學                  ,66001
2016/11,South,Management2,主迴路                 ,教學                  ,50769.5
2016/12,South,Management2,主迴路                 ,教學                  ,43909.5
2017/01,South,Management2,主迴路                 ,教學                  ,6002545
2017/02,South,Management2,主迴路                 ,教學                  ,30163
2017/03,South,Management2,主迴路                 ,教學                  ,42109.5
2017/04,South,Management2,主迴路                 ,教學                  ,46436.5
2017/05,South,Management2,主迴路                 ,教學                  ,59363.5
2017/06,South,Management2,主迴路                 ,教學                  ,70949
2017/07,South,Management2,主迴路                 ,教學                  ,70842.5
2017/08,South,Management2,主迴路                 ,教學                  ,70191
2016/09,South,AssemblyBD1,主迴路                 ,教學                  ,58554
2016/10,South,AssemblyBD1,主迴路                 ,教學                  ,68374
2016/11,South,AssemblyBD1,主迴路                 ,教學                  ,7742991
2016/12,South,AssemblyBD1,主迴路                 ,教學                  ,51528
2017/01,South,AssemblyBD1,主迴路                 ,教學                  ,7853744
2017/02,South,AssemblyBD1,主迴路                 ,教學                  ,37963
2017/03,South,AssemblyBD1,主迴路                 ,教學                  ,7906112
2017/04,South,AssemblyBD1,主迴路                 ,教學                  ,49957
2017/05,South,AssemblyBD1,主迴路                 ,教學                  ,60444
2017/06,South,AssemblyBD1,主迴路                 ,教學                  ,61061
2017/07,South,AssemblyBD1,主迴路                 ,教學                  ,59403
2017/08,South,AssemblyBD1,主迴路                 ,教學                  ,56837
2016/09,South,AssemblyBD1,空大MP動力              ,rent,7738.08
2016/10,South,AssemblyBD1,空大MP動力              ,rent,57552.72
2016/11,South,AssemblyBD1,空大MP動力              ,rent,5290.13
2016/12,South,AssemblyBD1,空大MP動力              ,rent,3793.79
2017/01,South,AssemblyBD1,空大MP動力              ,rent,2080.7
2017/02,South,AssemblyBD1,空大MP動力              ,rent,0
2017/03,South,AssemblyBD1,空大MP動力              ,rent,67142.72
2017/04,South,AssemblyBD1,空大MP動力              ,rent,3914.17
2017/05,South,AssemblyBD1,空大MP動力              ,rent,16361.82
2017/06,South,AssemblyBD1,空大MP動力              ,rent,7690.49
2017/07,South,AssemblyBD1,空大MP動力              ,rent,9462.45
2017/08,South,AssemblyBD1,空大MP動力              ,rent,7257.92
2016/09,South,AssemblyBD1,空大ML燈力              ,rent,114470900
2016/10,South,AssemblyBD1,空大ML燈力              ,rent,245510500
2016/11,South,AssemblyBD1,空大ML燈力              ,rent,554539400
2016/12,South,AssemblyBD1,空大ML燈力              ,rent,1818819000
2017/01,South,AssemblyBD1,空大ML燈力              ,rent,1398963000
2017/02,South,AssemblyBD1,空大ML燈力              ,rent,0
2017/03,South,AssemblyBD1,空大ML燈力              ,rent,400584.1
2017/04,South,AssemblyBD1,空大ML燈力              ,rent,4755.18
2017/05,South,AssemblyBD1,空大ML燈力              ,rent,15068.12
2017/06,South,AssemblyBD1,空大ML燈力              ,rent,4811.61
2017/07,South,AssemblyBD1,空大ML燈力              ,rent,4496.52
2017/08,South,AssemblyBD1,空大ML燈力              ,rent,4048.99
2016/09,South,AssemblyBD1,棒球場照明               ,Admin,276.86
2016/10,South,AssemblyBD1,棒球場照明               ,Admin,59751.15
2016/11,South,AssemblyBD1,棒球場照明               ,Admin,740.15
2016/12,South,AssemblyBD1,棒球場照明               ,Admin,1133.91
2017/01,South,AssemblyBD1,棒球場照明               ,Admin,22.41
2017/02,South,AssemblyBD1,棒球場照明               ,Admin,0
2017/03,South,AssemblyBD1,棒球場照明               ,Admin,72899.93
2017/04,South,AssemblyBD1,棒球場照明               ,Admin,623.77
2017/05,South,AssemblyBD1,棒球場照明               ,Admin,2426.68
2017/06,South,AssemblyBD1,棒球場照明               ,Admin,33.77
2017/07,South,AssemblyBD1,棒球場照明               ,Admin,34.94
2017/08,South,AssemblyBD1,棒球場照明               ,Admin,88.37
2016/09,South,AssemblyBD1,餐亭                  ,rent,5079.56
2016/10,South,AssemblyBD1,餐亭                  ,rent,322380.8
2016/11,South,AssemblyBD1,餐亭                  ,rent,5625.38
2016/12,South,AssemblyBD1,餐亭                  ,rent,4897.09
2017/01,South,AssemblyBD1,餐亭                  ,rent,337649.9
2017/02,South,AssemblyBD1,餐亭                  ,rent,3193.47
2017/03,South,AssemblyBD1,餐亭                  ,rent,4838.06
2017/04,South,AssemblyBD1,餐亭                  ,rent,4570.44
2017/05,South,AssemblyBD1,餐亭                  ,rent,358156.1
2017/06,South,AssemblyBD1,餐亭                  ,rent,5160.56
2017/07,South,AssemblyBD1,餐亭                  ,rent,4292.22
2017/08,South,AssemblyBD1,餐亭                  ,rent,4195.84
2016/09,South,AssemblyBD1,管科ML燈力              ,教學                  ,1018.64
2016/10,South,AssemblyBD1,管科ML燈力              ,教學                  ,90496.92
2016/11,South,AssemblyBD1,管科ML燈力              ,教學                  ,1214.09
2016/12,South,AssemblyBD1,管科ML燈力              ,教學                  ,1040.53
2017/01,South,AssemblyBD1,管科ML燈力              ,教學                  ,20935790
2017/02,South,AssemblyBD1,管科ML燈力              ,教學                  ,1082.65
2017/03,South,AssemblyBD1,管科ML燈力              ,教學                  ,1437.92
2017/04,South,AssemblyBD1,管科ML燈力              ,教學                  ,1262.28
2017/05,South,AssemblyBD1,管科ML燈力              ,教學                  ,99831.2
2017/06,South,AssemblyBD1,管科ML燈力              ,教學                  ,1289.32
2017/07,South,AssemblyBD1,管科ML燈力              ,教學                  ,1159.81
2017/08,South,AssemblyBD1,管科ML燈力              ,教學                  ,947.27
2016/09,South,AssemblyBD1,管科插座                ,教學                  ,794.59
2016/10,South,AssemblyBD1,管科插座                ,教學                  ,64002.32
2016/11,South,AssemblyBD1,管科插座                ,教學                  ,823.83
2016/12,South,AssemblyBD1,管科插座                ,教學                  ,839.26
2017/01,South,AssemblyBD1,管科插座                ,教學                  ,13347580
2017/02,South,AssemblyBD1,管科插座                ,教學                  ,712.5
2017/03,South,AssemblyBD1,管科插座                ,教學                  ,1086.73
2017/04,South,AssemblyBD1,管科插座                ,教學                  ,890.95
2017/05,South,AssemblyBD1,管科插座                ,教學                  ,70508.95
2017/06,South,AssemblyBD1,管科插座                ,教學                  ,774.73
2017/07,South,AssemblyBD1,管科插座                ,教學                  ,642.24
2017/08,South,AssemblyBD1,管科插座                ,教學                  ,694
2016/09,South,AssemblyBD1,管科MP動力              ,教學                  ,2611.53
2016/10,South,AssemblyBD1,管科MP動力              ,教學                  ,140304.7
2016/11,South,AssemblyBD1,管科MP動力              ,教學                  ,1299.03
2016/12,South,AssemblyBD1,管科MP動力              ,教學                  ,695.13
2017/01,South,AssemblyBD1,管科MP動力              ,教學                  ,142308.6
2017/02,South,AssemblyBD1,管科MP動力              ,教學                  ,368.75
2017/03,South,AssemblyBD1,管科MP動力              ,教學                  ,564.13
2017/04,South,AssemblyBD1,管科MP動力              ,教學                  ,1278.19
2017/05,South,AssemblyBD1,管科MP動力              ,教學                  ,149413.2
2017/06,South,AssemblyBD1,管科MP動力              ,教學                  ,3266.73
2017/07,South,AssemblyBD1,管科MP動力              ,教學                  ,3176.3
2017/08,South,AssemblyBD1,管科MP動力              ,教學                  ,3153.98
2016/09,South,CPTBD,主迴路                 ,教學                  ,4970509
2016/10,South,CPTBD,主迴路                 ,教學                  ,65425.5
2016/11,South,CPTBD,主迴路                 ,教學                  ,5109443
2016/12,South,CPTBD,主迴路                 ,教學                  ,50099
2017/01,South,CPTBD,主迴路                 ,教學                  ,5217029
2017/02,South,CPTBD,主迴路                 ,教學                  ,35714
2017/03,South,CPTBD,主迴路                 ,教學                  ,46329
2017/04,South,CPTBD,主迴路                 ,教學                  ,50315
2017/05,South,CPTBD,主迴路                 ,教學                  ,5426319
2017/06,South,CPTBD,主迴路                 ,教學                  ,65466
2017/07,South,CPTBD,主迴路                 ,教學                  ,74422
2017/08,South,CPTBD,主迴路                 ,教學                  ,69988.5
2016/09,South,Civil_engineering,主迴路                 ,教學                  ,55067
2016/10,South,Civil_engineering,主迴路                 ,教學                  ,49977
2016/11,South,Civil_engineering,主迴路                 ,教學                  ,4447559
2016/12,South,Civil_engineering,主迴路                 ,教學                  ,31267.5
2017/01,South,Civil_engineering,主迴路                 ,教學                  ,4545362
2017/02,South,Civil_engineering,主迴路                 ,教學                  ,26664.5
2017/03,South,Civil_engineering,主迴路                 ,教學                  ,4568211
2017/04,South,Civil_engineering,主迴路                 ,教學                  ,36437.5
2017/05,South,Civil_engineering,主迴路                 ,教學                  ,48093.5
2017/06,South,Civil_engineering,主迴路                 ,教學                  ,54852
2017/07,South,Civil_engineering,主迴路                 ,教學                  ,59255.5
2017/08,South,Civil_engineering,主迴路                 ,教學                  ,58323.5
2016/09,South,Material Lab,主迴路                 ,教學                  ,2369023
2016/10,South,Material Lab,主迴路                 ,教學                  ,21679.25
2016/11,South,Material Lab,主迴路                 ,教學                  ,14117
2016/12,South,Material Lab,主迴路                 ,教學                  ,11967.63
2017/01,South,Material Lab,主迴路                 ,教學                  ,1243798
2017/02,South,Material Lab,主迴路                 ,教學                  ,8614.63
2017/03,South,Material Lab,主迴路                 ,教學                  ,10446.75
2017/04,South,Material Lab,主迴路                 ,教學                  ,14061.25
2017/05,South,Material Lab,主迴路                 ,教學                  ,18184.38
2017/06,South,Material Lab,主迴路                 ,教學                  ,1307466
2017/07,South,Material Lab,主迴路                 ,教學                  ,19897.63
2017/08,South,Material Lab,主迴路                 ,教學                  ,21321
2016/09,South,SD_female2,主迴路                 ,dorm,16788580
2016/10,South,SD_female2,主迴路                 ,dorm,229818
2016/11,South,SD_female2,主迴路                 ,dorm,180716
2016/12,South,SD_female2,主迴路                 ,dorm,172164
2017/01,South,SD_female2,主迴路                 ,dorm,17614500
2017/02,South,SD_female2,主迴路                 ,dorm,122090
2017/03,South,SD_female2,主迴路                 ,dorm,166706
2017/04,South,SD_female2,主迴路                 ,dorm,163582
2017/05,South,SD_female2,主迴路                 ,dorm,18351140
2017/06,South,SD_female2,主迴路                 ,dorm,228298
2017/07,South,SD_female2,主迴路                 ,dorm,209388
2017/08,South,SD_female2,主迴路                 ,dorm,202014
2016/09,South,SD_female2,第二招待所               ,dorm,315757.4
2016/10,South,SD_female2,第二招待所               ,dorm,159202.3
2016/11,South,SD_female2,第二招待所               ,dorm,1044.97
2016/12,South,SD_female2,第二招待所               ,dorm,949.42
2017/01,South,SD_female2,第二招待所               ,dorm,162627.2
2017/02,South,SD_female2,第二招待所               ,dorm,791.98
2017/03,South,SD_female2,第二招待所               ,dorm,790.11
2017/04,South,SD_female2,第二招待所               ,dorm,869.22
2017/05,South,SD_female2,第二招待所               ,dorm,1448.16
2017/06,South,SD_female2,第二招待所               ,dorm,168501.3
2017/07,South,SD_female2,第二招待所               ,dorm,3306.25
2017/08,South,SD_female2,第二招待所               ,dorm,2604.36
2016/09,South,SD_female2,2F自助餐,rent,1821779
2016/10,South,SD_female2,2F自助餐,rent,924613.2
2016/11,South,SD_female2,2F自助餐,rent,14298.13
2016/12,South,SD_female2,2F自助餐,rent,11332.25
2017/01,South,SD_female2,2F自助餐,rent,963463.9
2017/02,South,SD_female2,2F自助餐,rent,6739.06
2017/03,South,SD_female2,2F自助餐,rent,8600.94
2017/04,South,SD_female2,2F自助餐,rent,9027.88
2017/05,South,SD_female2,2F自助餐,rent,11756.5
2017/06,South,SD_female2,2F自助餐,rent,1005906
2017/07,South,SD_female2,2F自助餐,rent,12218.69
2017/08,South,SD_female2,2F自助餐,rent,11860.19
2016/09,South,SD_female2,1F自助餐,rent,3511148
2016/10,South,SD_female2,1F自助餐,rent,1780553
2016/11,South,SD_female2,1F自助餐,rent,23716.75
2016/12,South,SD_female2,1F自助餐,rent,20908.25
2017/01,South,SD_female2,1F自助餐,rent,1853784
2017/02,South,SD_female2,1F自助餐,rent,15267.75
2017/03,South,SD_female2,1F自助餐,rent,19633.38
2017/04,South,SD_female2,1F自助餐,rent,20793.13
2017/05,South,SD_female2,1F自助餐,rent,25336.75
2017/06,South,SD_female2,1F自助餐,rent,1951952
2017/07,South,SD_female2,1F自助餐,rent,30531.63
2017/08,South,SD_female2,1F自助餐,rent,30767.75
2016/09,South,SD_female2,1F便利超商,rent,1680924
2016/10,South,SD_female2,1F便利超商,rent,854994.1
2016/11,South,SD_female2,1F便利超商,rent,15222.69
2016/12,South,SD_female2,1F便利超商,rent,14352.19
2017/01,South,SD_female2,1F便利超商,rent,904068.1
2017/02,South,SD_female2,1F便利超商,rent,11322.44
2017/03,South,SD_female2,1F便利超商,rent,14306.69
2017/04,South,SD_female2,1F便利超商,rent,14851.69
2017/05,South,SD_female2,1F便利超商,rent,15499
2017/06,South,SD_female2,1F便利超商,rent,967856.3
2017/07,South,SD_female2,1F便利超商,rent,17130.44
2017/08,South,SD_female2,1F便利超商,rent,17554.13
2016/09,South,SD_female2,1F冷熱飲,rent,777817.3
2016/10,South,SD_female2,1F冷熱飲,rent,394402.9
2016/11,South,SD_female2,1F冷熱飲,rent,6457.06
2016/12,South,SD_female2,1F冷熱飲,rent,6207.66
2017/01,South,SD_female2,1F冷熱飲,rent,415488
2017/02,South,SD_female2,1F冷熱飲,rent,4043.78
2017/03,South,SD_female2,1F冷熱飲,rent,5874.28
2017/04,South,SD_female2,1F冷熱飲,rent,5335.41
2017/05,South,SD_female2,1F冷熱飲,rent,6606.78
2017/06,South,SD_female2,1F冷熱飲,rent,440408.4
2017/07,South,SD_female2,1F冷熱飲,rent,5922.38
2017/08,South,SD_female2,1F冷熱飲,rent,6748.97
2016/09,South,SD_female2,1F速食,rent,2475054
2016/10,South,SD_female2,1F速食,rent,1260932
2016/11,South,SD_female2,1F速食,rent,24739.75
2016/12,South,SD_female2,1F速食,rent,22560.5
2017/01,South,SD_female2,1F速食,rent,1340332
2017/02,South,SD_female2,1F速食,rent,17737.63
2017/03,South,SD_female2,1F速食,rent,22692.25
2017/04,South,SD_female2,1F速食,rent,24383.88
2017/05,South,SD_female2,1F速食,rent,27827.13
2017/06,South,SD_female2,1F速食,rent,1449421
2017/07,South,SD_female2,1F速食,rent,31051
2017/08,South,SD_female2,1F速食,rent,29030.75
2016/09,South,SD7+8,主迴路                 ,dorm,99227
2016/10,South,SD7+8,主迴路                 ,dorm,113712
2016/11,South,SD7+8,主迴路                 ,dorm,78078.5
2016/12,South,SD7+8,主迴路                 ,dorm,68478
2017/01,South,SD7+8,主迴路                 ,dorm,8561031
2017/02,South,SD7+8,主迴路                 ,dorm,48825
2017/03,South,SD7+8,主迴路                 ,dorm,66803
2017/04,South,SD7+8,主迴路                 ,dorm,78414
2017/05,South,SD7+8,主迴路                 ,dorm,100834
2017/06,South,SD7+8,主迴路                 ,dorm,8942675
2017/07,South,SD7+8,主迴路                 ,dorm,113755
2017/08,South,SD7+8,主迴路                 ,dorm,111447
2016/09,South,SD7,主迴路                 ,dorm,0
2016/10,South,SD7,主迴路                 ,dorm,0
2016/11,South,SD7,主迴路                 ,dorm,0
2016/12,South,SD7,主迴路                 ,dorm,0
2017/01,South,SD7,主迴路                 ,dorm,0
2017/02,South,SD7,主迴路                 ,dorm,0
2017/03,South,SD7,主迴路                 ,dorm,0
2017/04,South,SD7,主迴路                 ,dorm,0
2017/05,South,SD7,主迴路                 ,dorm,0
2017/06,South,SD7,主迴路                 ,dorm,0
2017/07,South,SD7,主迴路                 ,dorm,0
2017/08,South,SD7,主迴路                 ,dorm,0
2016/09,South,SD7,環校路燈                ,Admin,0
2016/10,South,SD7,環校路燈                ,Admin,0
2016/11,South,SD7,環校路燈                ,Admin,0
2016/12,South,SD7,環校路燈                ,Admin,0
2017/01,South,SD7,環校路燈                ,Admin,0
2017/02,South,SD7,環校路燈                ,Admin,0
2017/03,South,SD7,環校路燈                ,Admin,0
2017/04,South,SD7,環校路燈                ,Admin,0
2017/05,South,SD7,環校路燈                ,Admin,0
2017/06,South,SD7,環校路燈                ,Admin,0
2017/07,South,SD7,環校路燈                ,Admin,0
2017/08,South,SD7,環校路燈                ,Admin,0
2016/09,South,SD8,主迴路                 ,dorm,0
2016/10,South,SD8,主迴路                 ,dorm,0
2016/11,South,SD8,主迴路                 ,dorm,0
2016/12,South,SD8,主迴路                 ,dorm,0
2017/01,South,SD8,主迴路                 ,dorm,0
2017/02,South,SD8,主迴路                 ,dorm,0
2017/03,South,SD8,主迴路                 ,dorm,0
2017/04,South,SD8,主迴路                 ,dorm,0
2017/05,South,SD8,主迴路                 ,dorm,0
2017/06,South,SD8,主迴路                 ,dorm,0
2017/07,South,SD8,主迴路                 ,dorm,0
2017/08,South,SD8,主迴路                 ,dorm,0
2016/09,South,SD12,主迴路                 ,dorm,5328670
2016/10,South,SD12,主迴路                 ,dorm,69070
2016/11,South,SD12,主迴路                 ,dorm,55066
2016/12,South,SD12,主迴路                 ,dorm,49630.5
2017/01,South,SD12,主迴路                 ,dorm,5576767
2017/02,South,SD12,主迴路                 ,dorm,32234.5
2017/03,South,SD12,主迴路                 ,dorm,55138
2017/04,South,SD12,主迴路                 ,dorm,61597.5
2017/05,South,SD12,主迴路                 ,dorm,77176.5
2017/06,South,SD12,主迴路                 ,dorm,69621
2017/07,South,SD12,主迴路                 ,dorm,27322
2017/08,South,SD12,主迴路                 ,dorm,20491
2016/09,South,SD13,主迴路                 ,dorm,17739640
2016/10,South,SD13,主迴路                 ,dorm,88269
2016/11,South,SD13,主迴路                 ,dorm,9097471
2016/12,South,SD13,主迴路                 ,dorm,83417
2017/01,South,SD13,主迴路                 ,dorm,9295091
2017/02,South,SD13,主迴路                 ,dorm,72407
2017/03,South,SD13,主迴路                 ,dorm,9390490
2017/04,South,SD13,主迴路                 ,dorm,81964
2017/05,South,SD13,主迴路                 ,dorm,89854
2017/06,South,SD13,主迴路                 ,dorm,86382
2017/07,South,SD13,主迴路                 ,dorm,75125
2017/08,South,SD13,主迴路                 ,dorm,73074
2016/09,South,SD13,閱覽交誼廳               ,dorm,0
2016/10,South,SD13,閱覽交誼廳               ,dorm,76
2016/11,South,SD13,閱覽交誼廳               ,dorm,340.6
2016/12,South,SD13,閱覽交誼廳               ,dorm,672.77
2017/01,South,SD13,閱覽交誼廳               ,dorm,1486.86
2017/02,South,SD13,閱覽交誼廳               ,dorm,207.84
2017/03,South,SD13,閱覽交誼廳               ,dorm,317.54
2017/04,South,SD13,閱覽交誼廳               ,dorm,437.28
2017/05,South,SD13,閱覽交誼廳               ,dorm,890.28
2017/06,South,SD13,閱覽交誼廳               ,dorm,4723.78
2017/07,South,SD13,閱覽交誼廳               ,dorm,259.36
2017/08,South,SD13,閱覽交誼廳               ,dorm,0
2016/09,South,SD13,社團                  ,dorm,26137.44
2016/10,South,SD13,社團                  ,dorm,26831.48
2016/11,South,SD13,社團                  ,dorm,551.92
2016/12,South,SD13,社團                  ,dorm,457.51
2017/01,South,SD13,社團                  ,dorm,28166.96
2017/02,South,SD13,社團                  ,dorm,347.62
2017/03,South,SD13,社團                  ,dorm,397.83
2017/04,South,SD13,社團                  ,dorm,356.07
2017/05,South,SD13,社團                  ,dorm,460.78
2017/06,South,SD13,社團                  ,dorm,30235.04
2017/07,South,SD13,社團                  ,dorm,224.46
2017/08,South,SD13,社團                  ,dorm,0
2016/09,South,SD13,1F便利超商,rent,1803123
2016/10,South,SD13,1F便利超商,rent,1830174
2016/11,South,SD13,1F便利超商,rent,16067.75
2016/12,South,SD13,1F便利超商,rent,14931.5
2017/01,South,SD13,1F便利超商,rent,1867996
2017/02,South,SD13,1F便利超商,rent,11170.38
2017/03,South,SD13,1F便利超商,rent,14233.38
2017/04,South,SD13,1F便利超商,rent,14294.88
2017/05,South,SD13,1F便利超商,rent,15119.88
2017/06,South,SD13,1F便利超商,rent,1931433
2017/07,South,SD13,1F便利超商,rent,6940.88
2017/08,South,SD13,1F便利超商,rent,0
2016/09,South,GradDorm12,主迴路                 ,dorm,56331
2016/10,South,GradDorm12,主迴路                 ,dorm,56723
2016/11,South,GradDorm12,主迴路                 ,dorm,39340.5
2016/12,South,GradDorm12,主迴路                 ,dorm,38292
2017/01,South,GradDorm12,主迴路                 ,dorm,4457912
2017/02,South,GradDorm12,主迴路                 ,dorm,33277.5
2017/03,South,GradDorm12,主迴路                 ,dorm,39149.5
2017/04,South,GradDorm12,主迴路                 ,dorm,39237.5
2017/05,South,GradDorm12,主迴路                 ,dorm,4638873
2017/06,South,GradDorm12,主迴路                 ,dorm,4659724
2017/07,South,GradDorm12,主迴路                 ,dorm,68235
2017/08,South,GradDorm12,主迴路                 ,dorm,68436.5